SourceName,OrderID,OrderDate,ShipDate,CustomerID,ProductID,Quantity,Discount
Reseller,ORD00001,2024-04-15,2024-04-16,CUST0272,PROD0877,13,0.32
Online,ORD00002,2024-02-12,2024-02-19,CUST0956,PROD0557,95,0.17
Online,ORD00003,2023-07-22,2023-07-25,CUST0031,PROD0367,6,0.34
Retail Store,ORD00004,2023-11-11,2023-11-16,CUST0871,PROD0357,33,0.02
Direct Sales,ORD00005,2023-05-02,2023-05-03,CUST0186,PROD0451,65,0.02
Reseller,ORD00006,2023-10-04,2023-10-11,CUST0852,PROD0818,18,0.03
Retail Store,ORD00007,2024-05-13,2024-05-19,CUST0601,PROD0662,23,0.32
Reseller,ORD00008,2023-09-25,2023-10-02,CUST0041,PROD0449,8,0.07
Direct Sales,ORD00009,2024-12-20,2024-12-27,CUST0274,PROD0914,90,0.41
Retail Store,ORD00010,2024-01-15,2024-01-24,CUST0511,PROD0437,64,0.15
Online,ORD00011,2024-01-16,2024-01-21,CUST0213,PROD0934,22,0.17
Retail Store,ORD00012,2024-06-12,2024-06-22,CUST0871,PROD0677,26,0.03
Retail Store,ORD00013,2024-04-14,2024-04-21,CUST0366,PROD0400,2,0.03
Online,ORD00014,2024-12-04,2024-12-05,CUST0383,PROD0362,41,0.1
Online,ORD00015,2024-04-25,2024-05-04,CUST0312,PROD0928,5,0.45
Online,ORD00016,2024-07-31,2024-08-02,CUST0880,PROD0554,30,0.08
Reseller,ORD00017,2024-10-15,2024-10-18,CUST0793,PROD0979,3,0.09
Direct Sales,ORD00018,2024-09-24,2024-10-04,CUST0269,PROD0340,44,0.46
Direct Sales,ORD00019,2024-02-04,2024-02-14,CUST0538,PROD0344,31,0.32
Direct Sales,ORD00020,2024-07-10,2024-07-17,CUST0539,PROD0895,66,0.5
Retail Store,ORD00021,2024-11-14,2024-11-16,CUST0338,PROD0869,29,0.11
Direct Sales,ORD00022,2023-11-11,2023-11-17,CUST0427,PROD0758,63,0.39
Direct Sales,ORD00023,2024-05-09,2024-05-10,CUST0179,PROD0472,94,0.23
Online,ORD00024,2025-01-14,2025-01-20,CUST0292,PROD0138,3,0.37
Retail Store,ORD00025,2024-03-04,2024-03-10,CUST0961,PROD0368,39,0.41
Direct Sales,ORD00026,2025-03-15,2025-03-18,CUST0135,PROD0585,50,0.11
Direct Sales,ORD00027,2024-03-22,2024-03-27,CUST0534,PROD0149,74,0.4
Reseller,ORD00028,2024-05-28,2024-06-04,CUST0083,PROD0679,6,0.26
Online,ORD00029,2024-12-09,2024-12-19,CUST0268,PROD0067,14,0.46
Direct Sales,ORD00030,2023-06-26,2023-06-30,CUST0866,PROD0512,86,0.14
Direct Sales,ORD00031,2025-02-15,2025-02-22,CUST0386,PROD0681,85,0.04
Online,ORD00032,2024-04-26,2024-05-01,CUST0270,PROD0179,50,0.02
Online,ORD00033,2024-04-26,2024-05-01,CUST0145,PROD0833,3,0.16
Online,ORD00034,2025-01-19,2025-01-28,CUST0967,PROD0239,37,0.25
Retail Store,ORD00035,2025-02-09,2025-02-18,CUST0763,PROD0113,76,0.42
Retail Store,ORD00036,2024-11-18,2024-11-26,CUST0156,PROD0717,83,0.0
Retail Store,ORD00037,2024-06-18,2024-06-23,CUST0759,PROD0221,89,0.06
Retail Store,ORD00038,2023-11-25,2023-11-30,CUST0039,PROD0047,40,0.18
Direct Sales,ORD00039,2025-01-08,2025-01-12,CUST0366,PROD0309,80,0.12
Reseller,ORD00040,2023-07-15,2023-07-24,CUST0716,PROD0341,22,0.19
Retail Store,ORD00041,2023-05-17,2023-05-27,CUST0835,PROD0078,67,0.24
Direct Sales,ORD00042,2024-01-11,2024-01-14,CUST0629,PROD0951,34,0.04
Online,ORD00043,2024-03-13,2024-03-16,CUST0713,PROD0404,91,0.25
Online,ORD00044,2023-04-26,2023-05-02,CUST0753,PROD0440,15,0.02
Reseller,ORD00045,2023-08-22,2023-08-25,CUST0010,PROD0443,93,0.42
Retail Store,ORD00046,2024-08-04,2024-08-09,CUST0838,PROD0578,2,0.35
Direct Sales,ORD00047,2024-04-09,2024-04-16,CUST0048,PROD0593,87,0.46
Retail Store,ORD00048,2024-05-01,2024-05-06,CUST0159,PROD0226,61,0.49
Retail Store,ORD00049,2024-07-21,2024-07-22,CUST0569,PROD0793,65,0.1
Reseller,ORD00050,2024-02-07,2024-02-15,CUST0764,PROD0752,6,0.37
Retail Store,ORD00051,2023-09-01,2023-09-10,CUST0394,PROD0711,34,0.44
Direct Sales,ORD00052,2024-11-13,2024-11-23,CUST0046,PROD0055,36,0.24
Online,ORD00053,2024-02-05,2024-02-12,CUST0540,PROD0220,17,0.27
Online,ORD00054,2023-07-26,2023-08-04,CUST0857,PROD0438,1,0.23
Retail Store,ORD00055,2023-07-26,2023-07-28,CUST0714,PROD0749,88,0.24
Retail Store,ORD00056,2025-01-02,2025-01-03,CUST0934,PROD0150,55,0.09
Retail Store,ORD00057,2024-05-14,2024-05-16,CUST0633,PROD0192,10,0.1
Reseller,ORD00058,2024-02-01,2024-02-11,CUST0417,PROD0084,74,0.36
Retail Store,ORD00059,2023-10-31,2023-11-02,CUST0807,PROD0023,65,0.24
Online,ORD00060,2025-01-24,2025-01-27,CUST0682,PROD0633,52,0.1
Retail Store,ORD00061,2025-03-09,2025-03-13,CUST0650,PROD0494,7,0.41
Direct Sales,ORD00062,2025-01-06,2025-01-08,CUST0248,PROD0572,86,0.18
Reseller,ORD00063,2023-05-09,2023-05-12,CUST0627,PROD0956,46,0.07
Reseller,ORD00064,2023-09-19,2023-09-28,CUST0392,PROD0200,64,0.32
Retail Store,ORD00065,2024-06-28,2024-06-30,CUST0970,PROD0678,98,0.27
Direct Sales,ORD00066,2025-02-07,2025-02-14,CUST0472,PROD0924,3,0.18
Reseller,ORD00067,2024-11-07,2024-11-08,CUST0407,PROD0875,52,0.19
Retail Store,ORD00068,2024-05-31,2024-06-04,CUST0950,PROD0761,18,0.07
Retail Store,ORD00069,2024-12-02,2024-12-09,CUST0886,PROD0423,75,0.24
Retail Store,ORD00070,2024-03-15,2024-03-18,CUST0633,PROD0774,52,0.09
Reseller,ORD00071,2024-02-08,2024-02-12,CUST0766,PROD0324,32,0.5
Reseller,ORD00072,2025-02-25,2025-02-27,CUST0784,PROD0483,14,0.24
Online,ORD00073,2023-07-08,2023-07-13,CUST0332,PROD0354,49,0.16
Reseller,ORD00074,2025-01-24,2025-01-30,CUST0052,PROD0562,2,0.13
Online,ORD00075,2023-10-20,2023-10-22,CUST0920,PROD0586,55,0.14
Direct Sales,ORD00076,2024-10-27,2024-10-29,CUST0289,PROD0584,74,0.21
Retail Store,ORD00077,2025-03-27,2025-03-30,CUST0584,PROD0241,59,0.25
Direct Sales,ORD00078,2025-03-11,2025-03-18,CUST0544,PROD0940,95,0.43
Direct Sales,ORD00079,2024-05-25,2024-06-03,CUST0690,PROD0029,90,0.21
Online,ORD00080,2024-05-25,2024-05-28,CUST0476,PROD0780,5,0.26
Online,ORD00081,2024-10-18,2024-10-19,CUST0912,PROD0707,53,0.39
Retail Store,ORD00082,2023-10-12,2023-10-21,CUST0359,PROD0777,99,0.27
Online,ORD00083,2024-02-20,2024-02-24,CUST0068,PROD0005,74,0.35
Direct Sales,ORD00084,2023-08-10,2023-08-15,CUST0526,PROD0944,24,0.07
Retail Store,ORD00085,2024-09-07,2024-09-17,CUST0835,PROD0335,56,0.16
Direct Sales,ORD00086,2025-01-13,2025-01-17,CUST0992,PROD0370,84,0.41
Reseller,ORD00087,2023-11-29,2023-12-05,CUST0215,PROD0416,20,0.23
Direct Sales,ORD00088,2024-07-08,2024-07-15,CUST0371,PROD0994,32,0.15
Online,ORD00089,2023-11-12,2023-11-15,CUST0467,PROD0210,98,0.36
Direct Sales,ORD00090,2023-05-26,2023-05-28,CUST0830,PROD0653,84,0.31
Retail Store,ORD00091,2023-04-30,2023-05-02,CUST0489,PROD0432,48,0.16
Retail Store,ORD00092,2024-05-13,2024-05-14,CUST0341,PROD0329,77,0.05
Reseller,ORD00093,2024-04-29,2024-05-08,CUST0479,PROD0129,90,0.08
Reseller,ORD00094,2024-09-05,2024-09-07,CUST0933,PROD0828,90,0.22
Reseller,ORD00095,2023-09-20,2023-09-21,CUST0928,PROD0626,37,0.09
Retail Store,ORD00096,2024-03-12,2024-03-14,CUST0596,PROD0477,64,0.2
Direct Sales,ORD00097,2023-07-28,2023-08-04,CUST0877,PROD0618,72,0.24
Direct Sales,ORD00098,2024-02-17,2024-02-25,CUST0629,PROD0765,1,0.03
Direct Sales,ORD00099,2025-01-23,2025-01-29,CUST0324,PROD0043,68,0.09
Reseller,ORD00100,2024-09-30,2024-10-03,CUST0854,PROD0532,16,0.45
Direct Sales,ORD00101,2023-11-30,2023-12-06,CUST0144,PROD0591,88,0.47
Reseller,ORD00102,2024-03-10,2024-03-17,CUST0461,PROD0966,4,0.37
Retail Store,ORD00103,2024-04-07,2024-04-10,CUST0188,PROD0813,45,0.24
Reseller,ORD00104,2024-01-14,2024-01-15,CUST0544,PROD0306,51,0.03
Online,ORD00105,2024-02-08,2024-02-13,CUST0545,PROD0203,27,0.36
Direct Sales,ORD00106,2025-01-23,2025-01-30,CUST0082,PROD0718,32,0.39
Reseller,ORD00107,2025-01-25,2025-01-29,CUST0888,PROD0261,96,0.23
Online,ORD00108,2024-03-28,2024-03-31,CUST0060,PROD0638,92,0.11
Online,ORD00109,2024-04-28,2024-05-04,CUST0062,PROD0443,21,0.17
Reseller,ORD00110,2024-04-17,2024-04-25,CUST0560,PROD0958,37,0.43
Online,ORD00111,2023-12-24,2024-01-01,CUST0788,PROD0050,98,0.14
Online,ORD00112,2024-05-30,2024-06-08,CUST0253,PROD0977,14,0.48
Retail Store,ORD00113,2023-06-23,2023-06-25,CUST0514,PROD0390,37,0.33
Retail Store,ORD00114,2025-04-03,2025-04-07,CUST0903,PROD0830,50,0.29
Retail Store,ORD00115,2024-12-21,2024-12-30,CUST0283,PROD0850,27,0.01
Online,ORD00116,2023-12-22,2023-12-26,CUST0225,PROD0806,43,0.46
Retail Store,ORD00117,2024-09-22,2024-10-01,CUST0214,PROD0830,45,0.02
Online,ORD00118,2024-08-16,2024-08-17,CUST0391,PROD0889,94,0.18
Retail Store,ORD00119,2025-01-04,2025-01-08,CUST0461,PROD0642,47,0.49
Retail Store,ORD00120,2025-01-18,2025-01-24,CUST0784,PROD0959,6,0.31
Retail Store,ORD00121,2024-07-05,2024-07-13,CUST0071,PROD0108,47,0.12
Direct Sales,ORD00122,2023-08-14,2023-08-18,CUST0438,PROD0194,45,0.27
Online,ORD00123,2024-07-12,2024-07-21,CUST0828,PROD0962,84,0.11
Retail Store,ORD00124,2023-09-02,2023-09-04,CUST0581,PROD0253,28,0.3
Reseller,ORD00125,2025-02-05,2025-02-13,CUST0221,PROD0909,36,0.3
Online,ORD00126,2023-11-20,2023-11-24,CUST0052,PROD0479,3,0.25
Retail Store,ORD00127,2023-04-23,2023-05-02,CUST0683,PROD0208,46,0.02
Direct Sales,ORD00128,2023-07-04,2023-07-11,CUST0828,PROD0542,4,0.2
Online,ORD00129,2024-04-12,2024-04-19,CUST0310,PROD0077,1,0.45
Retail Store,ORD00130,2025-02-02,2025-02-12,CUST0322,PROD0791,57,0.41
Direct Sales,ORD00131,2025-03-18,2025-03-28,CUST0650,PROD0497,64,0.18
Online,ORD00132,2023-07-24,2023-08-03,CUST0164,PROD0928,89,0.25
Retail Store,ORD00133,2023-12-28,2023-12-30,CUST0576,PROD0672,78,0.23
Retail Store,ORD00134,2024-08-03,2024-08-10,CUST0140,PROD0086,71,0.31
Reseller,ORD00135,2025-02-03,2025-02-09,CUST0370,PROD1000,69,0.42
Online,ORD00136,2024-10-13,2024-10-23,CUST0403,PROD0017,33,0.08
Reseller,ORD00137,2024-04-22,2024-04-23,CUST0823,PROD0901,97,0.25
Online,ORD00138,2024-08-28,2024-09-03,CUST0029,PROD0332,83,0.21
Direct Sales,ORD00139,2023-07-07,2023-07-12,CUST0101,PROD0117,56,0.08
Direct Sales,ORD00140,2023-05-06,2023-05-14,CUST0969,PROD0196,47,0.37
Online,ORD00141,2023-07-08,2023-07-17,CUST0395,PROD0736,49,0.34
Online,ORD00142,2023-06-08,2023-06-14,CUST0947,PROD0338,48,0.11
Retail Store,ORD00143,2024-09-25,2024-09-29,CUST0088,PROD0762,73,0.37
Reseller,ORD00144,2024-02-16,2024-02-21,CUST0680,PROD0253,81,0.07
Reseller,ORD00145,2024-12-06,2024-12-10,CUST0803,PROD0681,90,0.23
Direct Sales,ORD00146,2024-04-14,2024-04-15,CUST0721,PROD0075,33,0.28
Online,ORD00147,2024-06-08,2024-06-13,CUST0522,PROD0606,86,0.34
Direct Sales,ORD00148,2025-03-04,2025-03-09,CUST0761,PROD0866,57,0.26
Reseller,ORD00149,2024-08-13,2024-08-22,CUST0927,PROD0332,13,0.29
Online,ORD00150,2024-03-10,2024-03-16,CUST0836,PROD0202,13,0.12
Direct Sales,ORD00151,2024-05-07,2024-05-09,CUST0645,PROD0690,4,0.38
Direct Sales,ORD00152,2023-05-19,2023-05-22,CUST0990,PROD0895,100,0.15
Direct Sales,ORD00153,2025-02-18,2025-02-25,CUST0973,PROD0725,35,0.08
Retail Store,ORD00154,2023-08-11,2023-08-12,CUST0994,PROD0594,94,0.36
Reseller,ORD00155,2023-09-24,2023-10-04,CUST0680,PROD0257,8,0.09
Reseller,ORD00156,2024-11-17,2024-11-24,CUST0805,PROD0725,71,0.47
Retail Store,ORD00157,2023-11-15,2023-11-25,CUST0294,PROD0689,57,0.04
Retail Store,ORD00158,2024-04-14,2024-04-17,CUST0055,PROD0089,38,0.3
Direct Sales,ORD00159,2023-05-05,2023-05-10,CUST0581,PROD0348,4,0.45
Reseller,ORD00160,2024-09-18,2024-09-22,CUST0863,PROD0901,40,0.21
Retail Store,ORD00161,2024-12-25,2024-12-27,CUST0058,PROD0159,94,0.06
Direct Sales,ORD00162,2023-04-25,2023-05-04,CUST0407,PROD0420,73,0.2
Online,ORD00163,2024-08-05,2024-08-11,CUST0863,PROD0856,47,0.42
Direct Sales,ORD00164,2023-08-14,2023-08-16,CUST0800,PROD0444,63,0.31
Reseller,ORD00165,2024-09-30,2024-10-09,CUST0773,PROD0391,23,0.18
Direct Sales,ORD00166,2024-05-20,2024-05-24,CUST0598,PROD0984,56,0.09
Online,ORD00167,2023-09-02,2023-09-03,CUST0630,PROD0324,97,0.33
Direct Sales,ORD00168,2024-03-31,2024-04-04,CUST0842,PROD0555,1,0.26
Reseller,ORD00169,2024-10-06,2024-10-14,CUST0474,PROD0937,19,0.04
Reseller,ORD00170,2024-05-11,2024-05-17,CUST0801,PROD0555,85,0.35
Direct Sales,ORD00171,2024-05-10,2024-05-19,CUST0532,PROD0441,38,0.45
Retail Store,ORD00172,2024-04-22,2024-04-29,CUST0019,PROD0325,24,0.32
Retail Store,ORD00173,2024-06-20,2024-06-29,CUST0007,PROD0867,28,0.03
Online,ORD00174,2023-07-18,2023-07-26,CUST0402,PROD0015,100,0.31
Online,ORD00175,2024-06-23,2024-06-25,CUST0207,PROD0959,25,0.04
Direct Sales,ORD00176,2023-05-05,2023-05-10,CUST0483,PROD0663,99,0.28
Online,ORD00177,2023-11-23,2023-11-27,CUST0969,PROD0081,98,0.02
Direct Sales,ORD00178,2025-02-07,2025-02-12,CUST0115,PROD0387,65,0.47
Direct Sales,ORD00179,2024-01-17,2024-01-18,CUST0247,PROD0527,93,0.2
Online,ORD00180,2024-01-15,2024-01-23,CUST0755,PROD0654,36,0.49
Online,ORD00181,2024-07-20,2024-07-28,CUST0011,PROD0137,84,0.03
Retail Store,ORD00182,2023-12-04,2023-12-13,CUST0164,PROD0937,45,0.47
Retail Store,ORD00183,2024-03-02,2024-03-05,CUST0728,PROD0326,44,0.14
Online,ORD00184,2025-04-09,2025-04-16,CUST0503,PROD0689,10,0.46
Reseller,ORD00185,2024-04-06,2024-04-13,CUST0993,PROD0292,94,0.16
Direct Sales,ORD00186,2025-03-31,2025-04-02,CUST0456,PROD0927,26,0.04
Online,ORD00187,2023-04-22,2023-04-26,CUST0851,PROD0403,71,0.1
Direct Sales,ORD00188,2023-12-09,2023-12-19,CUST0433,PROD0569,24,0.36
Online,ORD00189,2024-06-07,2024-06-14,CUST0831,PROD0300,93,0.04
Retail Store,ORD00190,2023-10-12,2023-10-14,CUST0148,PROD0005,5,0.12
Direct Sales,ORD00191,2024-09-20,2024-09-24,CUST0423,PROD0772,100,0.45
Retail Store,ORD00192,2024-11-08,2024-11-18,CUST0142,PROD0843,28,0.18
Online,ORD00193,2024-06-03,2024-06-13,CUST0609,PROD0900,78,0.03
Retail Store,ORD00194,2023-12-07,2023-12-14,CUST0102,PROD0319,91,0.21
Retail Store,ORD00195,2024-10-05,2024-10-10,CUST0570,PROD0408,26,0.19
Direct Sales,ORD00196,2023-11-23,2023-11-28,CUST0940,PROD0157,19,0.22
Online,ORD00197,2024-01-25,2024-01-29,CUST0843,PROD0524,30,0.2
Retail Store,ORD00198,2023-09-15,2023-09-20,CUST0970,PROD0456,62,0.29
Direct Sales,ORD00199,2024-06-21,2024-06-26,CUST0384,PROD0807,18,0.32
Reseller,ORD00200,2023-05-13,2023-05-22,CUST0721,PROD0750,39,0.01
Retail Store,ORD00201,2023-08-01,2023-08-09,CUST0259,PROD0147,63,0.11
Reseller,ORD00202,2023-06-27,2023-06-29,CUST0189,PROD0578,50,0.36
Direct Sales,ORD00203,2023-12-12,2023-12-17,CUST0879,PROD0123,77,0.16
Retail Store,ORD00204,2024-05-25,2024-06-01,CUST0711,PROD0721,82,0.39
Direct Sales,ORD00205,2024-06-25,2024-07-01,CUST0069,PROD0289,42,0.04
Online,ORD00206,2023-07-27,2023-08-06,CUST0227,PROD0796,81,0.23
Online,ORD00207,2023-05-22,2023-05-25,CUST0659,PROD0888,75,0.28
Reseller,ORD00208,2024-05-14,2024-05-20,CUST0317,PROD0493,26,0.27
Online,ORD00209,2023-09-25,2023-10-04,CUST0690,PROD0819,46,0.48
Reseller,ORD00210,2024-09-25,2024-10-01,CUST0713,PROD0935,28,0.45
Reseller,ORD00211,2025-03-10,2025-03-17,CUST0616,PROD0485,55,0.04
Reseller,ORD00212,2024-04-29,2024-05-02,CUST0998,PROD0496,17,0.38
Direct Sales,ORD00213,2024-04-07,2024-04-10,CUST0397,PROD0913,61,0.1
Direct Sales,ORD00214,2024-03-30,2024-04-07,CUST0151,PROD0070,46,0.34
Direct Sales,ORD00215,2024-01-30,2024-02-07,CUST0245,PROD0633,70,0.5
Online,ORD00216,2023-09-29,2023-10-08,CUST0438,PROD0651,34,0.25
Direct Sales,ORD00217,2024-05-29,2024-06-08,CUST0896,PROD0292,42,0.07
Online,ORD00218,2024-08-17,2024-08-25,CUST0675,PROD0712,18,0.43
Direct Sales,ORD00219,2023-12-23,2023-12-29,CUST0862,PROD0825,79,0.25
Retail Store,ORD00220,2023-11-29,2023-12-01,CUST0522,PROD0145,94,0.2
Direct Sales,ORD00221,2023-09-22,2023-09-23,CUST0545,PROD0408,84,0.42
Retail Store,ORD00222,2024-01-21,2024-01-31,CUST0331,PROD0775,35,0.4
Reseller,ORD00223,2023-11-08,2023-11-13,CUST0858,PROD0084,17,0.13
Direct Sales,ORD00224,2024-06-02,2024-06-06,CUST0484,PROD0328,85,0.28
Direct Sales,ORD00225,2024-02-19,2024-02-25,CUST0956,PROD0496,30,0.23
Retail Store,ORD00226,2024-08-18,2024-08-19,CUST0018,PROD0426,11,0.04
Retail Store,ORD00227,2023-11-11,2023-11-13,CUST0079,PROD0703,96,0.21
Retail Store,ORD00228,2024-10-31,2024-11-05,CUST0073,PROD0732,43,0.09
Online,ORD00229,2023-10-19,2023-10-21,CUST0366,PROD0293,11,0.46
Reseller,ORD00230,2024-04-21,2024-04-28,CUST0719,PROD0169,49,0.38
Online,ORD00231,2024-10-07,2024-10-13,CUST0963,PROD0700,19,0.26
Online,ORD00232,2023-12-11,2023-12-16,CUST0063,PROD0740,15,0.49
Online,ORD00233,2023-05-14,2023-05-15,CUST0254,PROD0899,20,0.48
Direct Sales,ORD00234,2024-01-23,2024-01-25,CUST0628,PROD0886,68,0.45
Retail Store,ORD00235,2024-08-31,2024-09-09,CUST0794,PROD0483,9,0.11
Reseller,ORD00236,2023-09-11,2023-09-16,CUST0921,PROD0093,7,0.34
Reseller,ORD00237,2023-07-11,2023-07-17,CUST0514,PROD0388,76,0.39
Reseller,ORD00238,2024-10-03,2024-10-07,CUST0022,PROD0050,44,0.01
Online,ORD00239,2023-11-13,2023-11-14,CUST0302,PROD0616,9,0.29
Direct Sales,ORD00240,2023-12-08,2023-12-10,CUST0300,PROD0046,81,0.26
Reseller,ORD00241,2024-06-24,2024-07-03,CUST0625,PROD0920,56,0.37
Reseller,ORD00242,2024-04-07,2024-04-16,CUST0250,PROD0962,20,0.05
Direct Sales,ORD00243,2024-10-06,2024-10-09,CUST0910,PROD0093,70,0.38
Retail Store,ORD00244,2023-05-22,2023-05-29,CUST0376,PROD0292,63,0.06
Retail Store,ORD00245,2025-04-09,2025-04-19,CUST0236,PROD0384,97,0.29
Retail Store,ORD00246,2024-08-19,2024-08-24,CUST0250,PROD0990,37,0.25
Reseller,ORD00247,2024-09-23,2024-09-29,CUST0424,PROD0017,45,0.06
Direct Sales,ORD00248,2025-01-09,2025-01-12,CUST0715,PROD0353,21,0.01
Reseller,ORD00249,2024-08-20,2024-08-24,CUST0341,PROD0115,80,0.47
Retail Store,ORD00250,2023-12-16,2023-12-20,CUST0771,PROD0501,98,0.44
Retail Store,ORD00251,2025-03-31,2025-04-05,CUST0378,PROD0580,21,0.29
Reseller,ORD00252,2024-12-09,2024-12-19,CUST0762,PROD0163,48,0.19
Retail Store,ORD00253,2025-01-14,2025-01-23,CUST0692,PROD0402,74,0.27
Retail Store,ORD00254,2024-05-20,2024-05-24,CUST0697,PROD0933,79,0.37
Retail Store,ORD00255,2023-07-27,2023-07-30,CUST0996,PROD0139,89,0.21
Online,ORD00256,2024-10-18,2024-10-21,CUST0915,PROD0217,24,0.46
Reseller,ORD00257,2024-08-07,2024-08-15,CUST0108,PROD0797,87,0.14
Retail Store,ORD00258,2023-05-27,2023-06-04,CUST0195,PROD0428,79,0.4
Retail Store,ORD00259,2024-06-09,2024-06-15,CUST0294,PROD0412,98,0.04
Reseller,ORD00260,2024-10-02,2024-10-07,CUST0316,PROD0646,51,0.43
Online,ORD00261,2023-05-27,2023-05-31,CUST0581,PROD0493,9,0.01
Direct Sales,ORD00262,2024-06-19,2024-06-27,CUST0840,PROD0065,3,0.22
Online,ORD00263,2024-09-19,2024-09-28,CUST0470,PROD0937,96,0.4
Retail Store,ORD00264,2024-03-04,2024-03-14,CUST0416,PROD0091,78,0.02
Online,ORD00265,2024-11-17,2024-11-22,CUST0597,PROD0414,99,0.08
Online,ORD00266,2023-12-07,2023-12-08,CUST0869,PROD0656,77,0.12
Reseller,ORD00267,2024-05-13,2024-05-14,CUST0774,PROD0040,2,0.28
Reseller,ORD00268,2024-03-29,2024-03-30,CUST0737,PROD0927,42,0.41
Online,ORD00269,2024-11-23,2024-12-03,CUST0561,PROD0897,21,0.3
Reseller,ORD00270,2023-07-01,2023-07-07,CUST0585,PROD0520,59,0.1
Online,ORD00271,2024-03-30,2024-04-09,CUST0763,PROD0271,44,0.27
Reseller,ORD00272,2023-11-17,2023-11-25,CUST0614,PROD0311,14,0.16
Retail Store,ORD00273,2025-02-07,2025-02-10,CUST0261,PROD0563,99,0.32
Reseller,ORD00274,2024-12-19,2024-12-21,CUST0235,PROD0132,14,0.4
Direct Sales,ORD00275,2023-09-12,2023-09-15,CUST0582,PROD0021,29,0.22
Online,ORD00276,2024-11-18,2024-11-25,CUST0027,PROD0535,8,0.41
Reseller,ORD00277,2025-02-12,2025-02-14,CUST0024,PROD0031,42,0.04
Direct Sales,ORD00278,2024-07-17,2024-07-23,CUST0063,PROD0086,57,0.12
Direct Sales,ORD00279,2024-04-29,2024-05-07,CUST0140,PROD0992,97,0.3
Reseller,ORD00280,2025-04-16,2025-04-19,CUST0124,PROD0360,38,0.15
Online,ORD00281,2024-07-23,2024-07-27,CUST0825,PROD0752,14,0.24
Online,ORD00282,2024-08-04,2024-08-05,CUST0143,PROD0943,11,0.47
Reseller,ORD00283,2024-09-23,2024-09-29,CUST0592,PROD0114,80,0.16
Retail Store,ORD00284,2023-06-06,2023-06-08,CUST0105,PROD0066,20,0.29
Online,ORD00285,2025-01-09,2025-01-19,CUST0812,PROD0805,56,0.24
Reseller,ORD00286,2024-07-28,2024-08-02,CUST0943,PROD0839,15,0.41
Reseller,ORD00287,2024-03-21,2024-03-30,CUST0991,PROD0542,18,0.32
Retail Store,ORD00288,2023-11-15,2023-11-18,CUST0703,PROD0210,59,0.41
Reseller,ORD00289,2024-12-04,2024-12-13,CUST0229,PROD0681,33,0.44
Direct Sales,ORD00290,2023-04-25,2023-04-27,CUST0070,PROD0173,33,0.35
Reseller,ORD00291,2025-02-24,2025-03-06,CUST0548,PROD0876,15,0.12
Reseller,ORD00292,2023-07-01,2023-07-03,CUST0633,PROD0247,55,0.23
Direct Sales,ORD00293,2025-04-07,2025-04-14,CUST0595,PROD0218,39,0.44
Direct Sales,ORD00294,2023-09-17,2023-09-18,CUST0075,PROD0212,47,0.04
Reseller,ORD00295,2025-04-13,2025-04-18,CUST0547,PROD0950,15,0.37
Online,ORD00296,2024-09-03,2024-09-11,CUST0439,PROD0764,85,0.36
Retail Store,ORD00297,2023-04-27,2023-05-07,CUST0588,PROD0845,38,0.3
Online,ORD00298,2023-09-17,2023-09-19,CUST0624,PROD0987,25,0.49
Direct Sales,ORD00299,2025-01-15,2025-01-21,CUST0278,PROD0828,27,0.24
Reseller,ORD00300,2024-04-18,2024-04-19,CUST0173,PROD0383,5,0.44
Reseller,ORD00301,2025-02-14,2025-02-15,CUST0647,PROD0077,16,0.16
Retail Store,ORD00302,2023-04-28,2023-05-03,CUST0539,PROD0537,52,0.35
Retail Store,ORD00303,2024-01-22,2024-01-28,CUST0778,PROD0027,78,0.39
Online,ORD00304,2023-08-01,2023-08-08,CUST0805,PROD0737,87,0.23
Online,ORD00305,2023-05-01,2023-05-08,CUST0245,PROD0193,31,0.4
Reseller,ORD00306,2024-08-25,2024-08-27,CUST0106,PROD0828,44,0.32
Retail Store,ORD00307,2024-05-04,2024-05-08,CUST0920,PROD0180,7,0.07
Retail Store,ORD00308,2025-01-22,2025-01-23,CUST0677,PROD0682,59,0.36
Online,ORD00309,2024-05-13,2024-05-14,CUST0592,PROD0423,76,0.44
Retail Store,ORD00310,2024-08-17,2024-08-18,CUST0184,PROD0973,76,0.12
Direct Sales,ORD00311,2023-10-24,2023-10-31,CUST0293,PROD0022,100,0.29
Reseller,ORD00312,2023-05-15,2023-05-24,CUST0673,PROD0778,12,0.46
Retail Store,ORD00313,2024-02-03,2024-02-12,CUST0594,PROD0884,5,0.24
Online,ORD00314,2025-03-07,2025-03-15,CUST0050,PROD0410,12,0.48
Retail Store,ORD00315,2024-12-31,2025-01-09,CUST0319,PROD0337,9,0.17
Retail Store,ORD00316,2023-05-31,2023-06-02,CUST0886,PROD0876,67,0.2
Reseller,ORD00317,2023-08-29,2023-09-02,CUST0476,PROD0903,24,0.09
Retail Store,ORD00318,2023-09-02,2023-09-11,CUST0124,PROD0813,9,0.1
Retail Store,ORD00319,2023-06-10,2023-06-16,CUST0963,PROD0143,85,0.18
Retail Store,ORD00320,2024-03-20,2024-03-30,CUST0377,PROD0009,7,0.03
Online,ORD00321,2025-01-28,2025-02-02,CUST0394,PROD0499,61,0.37
Online,ORD00322,2023-09-30,2023-10-05,CUST0523,PROD0249,59,0.47
Reseller,ORD00323,2024-07-30,2024-08-07,CUST0570,PROD0993,95,0.16
Reseller,ORD00324,2023-08-26,2023-09-02,CUST0612,PROD0481,44,0.05
Direct Sales,ORD00325,2023-07-14,2023-07-19,CUST0443,PROD0981,100,0.04
Online,ORD00326,2025-01-21,2025-01-29,CUST0367,PROD0638,16,0.15
Retail Store,ORD00327,2025-02-19,2025-02-28,CUST0496,PROD0567,79,0.27
Retail Store,ORD00328,2024-04-02,2024-04-11,CUST0429,PROD0390,97,0.12
Online,ORD00329,2025-03-07,2025-03-13,CUST0149,PROD0214,87,0.09
Retail Store,ORD00330,2024-11-27,2024-12-03,CUST0240,PROD0536,35,0.48
Direct Sales,ORD00331,2023-07-15,2023-07-20,CUST0744,PROD0906,71,0.4
Retail Store,ORD00332,2024-03-27,2024-04-01,CUST0102,PROD0164,81,0.08
Online,ORD00333,2023-09-29,2023-10-06,CUST0984,PROD0011,67,0.2
Retail Store,ORD00334,2024-03-26,2024-04-03,CUST0596,PROD0966,81,0.11
Direct Sales,ORD00335,2024-08-13,2024-08-21,CUST0323,PROD0378,29,0.02
Direct Sales,ORD00336,2024-09-27,2024-10-03,CUST0211,PROD0185,95,0.43
Direct Sales,ORD00337,2023-08-31,2023-09-08,CUST0593,PROD0854,71,0.41
Direct Sales,ORD00338,2024-01-11,2024-01-17,CUST0649,PROD0337,70,0.06
Reseller,ORD00339,2023-09-20,2023-09-26,CUST0625,PROD0072,91,0.26
Direct Sales,ORD00340,2025-01-15,2025-01-24,CUST0196,PROD0394,88,0.39
Online,ORD00341,2024-02-09,2024-02-16,CUST0541,PROD0183,55,0.11
Reseller,ORD00342,2025-01-23,2025-01-26,CUST0018,PROD0862,5,0.3
Retail Store,ORD00343,2023-09-02,2023-09-04,CUST0223,PROD0189,47,0.05
Reseller,ORD00344,2025-01-25,2025-01-30,CUST0249,PROD0599,92,0.49
Online,ORD00345,2024-07-15,2024-07-25,CUST0582,PROD0118,50,0.11
Retail Store,ORD00346,2025-04-11,2025-04-15,CUST0071,PROD0283,93,0.47
Online,ORD00347,2023-06-01,2023-06-06,CUST0552,PROD0123,36,0.48
Direct Sales,ORD00348,2024-04-28,2024-05-07,CUST0678,PROD0018,25,0.1
Retail Store,ORD00349,2023-07-11,2023-07-13,CUST0844,PROD0513,43,0.06
Online,ORD00350,2023-11-30,2023-12-05,CUST0956,PROD0168,10,0.12
Direct Sales,ORD00351,2024-06-21,2024-07-01,CUST0581,PROD0024,68,0.47
Reseller,ORD00352,2025-01-04,2025-01-08,CUST0946,PROD0275,1,0.45
Online,ORD00353,2024-12-07,2024-12-11,CUST0321,PROD0118,23,0.25
Reseller,ORD00354,2024-05-24,2024-05-29,CUST0298,PROD0658,62,0.37
Direct Sales,ORD00355,2024-09-30,2024-10-01,CUST0547,PROD0288,80,0.08
Reseller,ORD00356,2025-03-15,2025-03-17,CUST0038,PROD0127,93,0.47
Reseller,ORD00357,2025-03-11,2025-03-16,CUST0108,PROD0859,73,0.11
Online,ORD00358,2025-01-12,2025-01-20,CUST0660,PROD0485,82,0.41
Online,ORD00359,2024-05-20,2024-05-27,CUST0955,PROD0786,21,0.25
Retail Store,ORD00360,2025-03-28,2025-04-04,CUST0431,PROD0266,57,0.26
Direct Sales,ORD00361,2023-09-26,2023-10-06,CUST0293,PROD0150,96,0.34
Online,ORD00362,2024-10-11,2024-10-16,CUST0883,PROD0448,50,0.05
Online,ORD00363,2024-11-06,2024-11-11,CUST0724,PROD0543,83,0.44
Online,ORD00364,2024-03-05,2024-03-13,CUST0416,PROD0467,60,0.39
Reseller,ORD00365,2024-08-25,2024-09-04,CUST0287,PROD0538,98,0.02
Online,ORD00366,2025-03-02,2025-03-03,CUST0854,PROD0616,27,0.07
Reseller,ORD00367,2024-03-28,2024-03-29,CUST0369,PROD0245,62,0.21
Reseller,ORD00368,2023-08-19,2023-08-23,CUST0788,PROD0292,4,0.33
Reseller,ORD00369,2024-08-19,2024-08-23,CUST0747,PROD0014,95,0.45
Direct Sales,ORD00370,2023-12-21,2023-12-24,CUST0614,PROD0618,90,0.34
Online,ORD00371,2023-10-03,2023-10-09,CUST0979,PROD0794,25,0.14
Reseller,ORD00372,2023-09-08,2023-09-16,CUST0687,PROD0848,2,0.26
Online,ORD00373,2023-10-25,2023-10-29,CUST0841,PROD0850,15,0.17
Online,ORD00374,2024-08-01,2024-08-08,CUST0785,PROD0949,6,0.37
Reseller,ORD00375,2024-01-04,2024-01-14,CUST0351,PROD0529,21,0.29
Reseller,ORD00376,2024-08-02,2024-08-08,CUST0400,PROD0569,95,0.33
Retail Store,ORD00377,2025-02-13,2025-02-18,CUST0341,PROD0320,47,0.22
Retail Store,ORD00378,2023-10-05,2023-10-11,CUST0587,PROD0319,15,0.11
Retail Store,ORD00379,2025-03-19,2025-03-28,CUST0498,PROD0196,90,0.16
Online,ORD00380,2024-03-05,2024-03-15,CUST0581,PROD0581,65,0.45
Retail Store,ORD00381,2025-02-25,2025-03-03,CUST0041,PROD0513,49,0.36
Direct Sales,ORD00382,2024-04-01,2024-04-10,CUST0826,PROD0972,40,0.46
Reseller,ORD00383,2024-05-18,2024-05-23,CUST0982,PROD0346,55,0.15
Online,ORD00384,2023-06-04,2023-06-07,CUST0012,PROD0374,83,0.07
Retail Store,ORD00385,2024-09-19,2024-09-20,CUST0065,PROD0231,29,0.26
Reseller,ORD00386,2023-08-11,2023-08-13,CUST0432,PROD0880,39,0.17
Retail Store,ORD00387,2024-12-03,2024-12-08,CUST0182,PROD0597,80,0.14
Retail Store,ORD00388,2024-11-25,2024-11-29,CUST0890,PROD0469,85,0.09
Direct Sales,ORD00389,2023-07-25,2023-08-03,CUST0210,PROD0721,28,0.07
Online,ORD00390,2024-08-11,2024-08-17,CUST0432,PROD0635,21,0.41
Reseller,ORD00391,2023-07-28,2023-08-05,CUST0483,PROD0082,70,0.19
Direct Sales,ORD00392,2025-03-06,2025-03-13,CUST0598,PROD0542,85,0.18
Online,ORD00393,2023-11-30,2023-12-10,CUST0958,PROD0430,88,0.44
Direct Sales,ORD00394,2024-11-23,2024-11-30,CUST0754,PROD0184,10,0.1
Retail Store,ORD00395,2023-12-23,2024-01-01,CUST0281,PROD0426,72,0.02
Retail Store,ORD00396,2024-02-02,2024-02-03,CUST0828,PROD0893,68,0.31
Retail Store,ORD00397,2023-11-07,2023-11-15,CUST0810,PROD0874,65,0.15
Retail Store,ORD00398,2023-09-12,2023-09-20,CUST0101,PROD0016,71,0.49
Retail Store,ORD00399,2023-09-19,2023-09-28,CUST0264,PROD0424,89,0.17
Online,ORD00400,2023-07-02,2023-07-07,CUST0559,PROD0732,40,0.0
Direct Sales,ORD00401,2023-07-26,2023-07-30,CUST0346,PROD0050,52,0.49
Direct Sales,ORD00402,2024-11-06,2024-11-11,CUST0169,PROD0778,49,0.05
Direct Sales,ORD00403,2024-10-12,2024-10-14,CUST0539,PROD0641,55,0.19
Direct Sales,ORD00404,2023-09-25,2023-10-04,CUST0673,PROD0518,6,0.32
Reseller,ORD00405,2024-07-01,2024-07-07,CUST0261,PROD0252,6,0.1
Online,ORD00406,2024-05-27,2024-06-03,CUST0825,PROD0784,96,0.2
Reseller,ORD00407,2023-12-29,2024-01-06,CUST0541,PROD0528,21,0.21
Direct Sales,ORD00408,2024-05-28,2024-06-01,CUST0031,PROD0789,98,0.23
Online,ORD00409,2024-11-03,2024-11-05,CUST0275,PROD0108,23,0.17
Online,ORD00410,2024-12-07,2024-12-12,CUST0748,PROD0779,62,0.3
Retail Store,ORD00411,2024-06-12,2024-06-15,CUST0850,PROD0611,18,0.15
Reseller,ORD00412,2023-04-24,2023-05-04,CUST0594,PROD0921,67,0.3
Direct Sales,ORD00413,2024-12-29,2025-01-08,CUST0591,PROD0124,3,0.23
Direct Sales,ORD00414,2025-03-05,2025-03-11,CUST0758,PROD0215,73,0.01
Online,ORD00415,2024-10-30,2024-11-04,CUST0760,PROD0252,69,0.37
Direct Sales,ORD00416,2025-01-10,2025-01-13,CUST0925,PROD0348,34,0.45
Reseller,ORD00417,2024-01-30,2024-01-31,CUST0002,PROD0128,20,0.28
Online,ORD00418,2024-06-05,2024-06-14,CUST0517,PROD0272,95,0.48
Reseller,ORD00419,2023-07-30,2023-08-07,CUST0341,PROD0324,48,0.04
Retail Store,ORD00420,2025-03-10,2025-03-17,CUST0354,PROD0962,95,0.19
Direct Sales,ORD00421,2023-07-16,2023-07-17,CUST0660,PROD0472,58,0.26
Online,ORD00422,2023-09-05,2023-09-06,CUST0304,PROD0033,5,0.48
Direct Sales,ORD00423,2024-08-07,2024-08-14,CUST0501,PROD0308,85,0.44
Reseller,ORD00424,2025-01-27,2025-01-31,CUST0637,PROD0046,8,0.47
Direct Sales,ORD00425,2024-03-25,2024-03-27,CUST0773,PROD0596,2,0.33
Online,ORD00426,2023-09-24,2023-09-25,CUST0974,PROD0353,68,0.04
Online,ORD00427,2024-10-04,2024-10-11,CUST0403,PROD0613,25,0.13
Reseller,ORD00428,2025-01-23,2025-01-31,CUST0050,PROD0310,65,0.2
Direct Sales,ORD00429,2023-07-02,2023-07-03,CUST0159,PROD0556,70,0.06
Direct Sales,ORD00430,2025-02-11,2025-02-19,CUST0837,PROD0056,53,0.43
Reseller,ORD00431,2024-10-03,2024-10-05,CUST0291,PROD0694,75,0.37
Reseller,ORD00432,2024-12-31,2025-01-06,CUST0695,PROD0034,84,0.39
Direct Sales,ORD00433,2023-07-30,2023-08-07,CUST0866,PROD0944,53,0.41
Reseller,ORD00434,2024-10-15,2024-10-18,CUST0607,PROD0002,19,0.31
Direct Sales,ORD00435,2023-05-19,2023-05-27,CUST0295,PROD0534,92,0.36
Online,ORD00436,2023-12-24,2023-12-26,CUST0606,PROD0133,63,0.13
Direct Sales,ORD00437,2024-12-09,2024-12-12,CUST0827,PROD0472,95,0.5
Direct Sales,ORD00438,2023-06-11,2023-06-17,CUST0378,PROD0736,4,0.1
Online,ORD00439,2024-07-23,2024-07-26,CUST0078,PROD0908,72,0.48
Retail Store,ORD00440,2024-05-25,2024-05-26,CUST0887,PROD0041,87,0.41
Online,ORD00441,2023-09-23,2023-09-28,CUST0425,PROD0670,13,0.04
Reseller,ORD00442,2024-01-07,2024-01-08,CUST0675,PROD0284,5,0.43
Reseller,ORD00443,2025-02-20,2025-02-26,CUST0842,PROD0862,58,0.08
Retail Store,ORD00444,2025-01-08,2025-01-16,CUST0533,PROD0287,91,0.29
Direct Sales,ORD00445,2024-12-09,2024-12-11,CUST0892,PROD0209,28,0.34
Reseller,ORD00446,2024-05-01,2024-05-05,CUST0682,PROD0722,75,0.07
Online,ORD00447,2025-02-01,2025-02-02,CUST0069,PROD0252,85,0.09
Reseller,ORD00448,2023-08-05,2023-08-15,CUST0154,PROD0807,51,0.26
Direct Sales,ORD00449,2023-11-20,2023-11-25,CUST0203,PROD0864,22,0.44
Online,ORD00450,2023-10-30,2023-11-04,CUST0334,PROD0945,29,0.26
Direct Sales,ORD00451,2023-09-16,2023-09-22,CUST0001,PROD0486,87,0.41
Direct Sales,ORD00452,2023-10-29,2023-11-03,CUST0363,PROD0776,42,0.37
Direct Sales,ORD00453,2024-01-21,2024-01-23,CUST0363,PROD0528,81,0.24
Reseller,ORD00454,2023-12-30,2024-01-02,CUST0922,PROD0647,25,0.49
Reseller,ORD00455,2024-12-19,2024-12-26,CUST0488,PROD0375,46,0.03
Online,ORD00456,2024-07-28,2024-07-30,CUST0813,PROD0999,99,0.42
Direct Sales,ORD00457,2024-09-25,2024-09-26,CUST0938,PROD0409,33,0.36
Retail Store,ORD00458,2024-08-06,2024-08-12,CUST0358,PROD0374,95,0.02
Reseller,ORD00459,2024-12-11,2024-12-13,CUST0033,PROD0568,11,0.39
Online,ORD00460,2024-01-24,2024-01-25,CUST0303,PROD0434,59,0.45
Retail Store,ORD00461,2024-06-20,2024-06-27,CUST0913,PROD0381,24,0.42
Online,ORD00462,2024-11-09,2024-11-15,CUST0611,PROD0627,100,0.14
Retail Store,ORD00463,2024-01-09,2024-01-13,CUST0853,PROD0636,3,0.49
Online,ORD00464,2024-03-30,2024-04-03,CUST0722,PROD0024,22,0.11
Online,ORD00465,2024-10-22,2024-10-26,CUST0624,PROD0563,80,0.18
Online,ORD00466,2024-08-05,2024-08-07,CUST0083,PROD0848,72,0.45
Retail Store,ORD00467,2023-09-24,2023-09-26,CUST0559,PROD0140,5,0.32
Retail Store,ORD00468,2024-03-27,2024-03-30,CUST0985,PROD0539,31,0.27
Online,ORD00469,2024-09-12,2024-09-22,CUST0038,PROD0523,35,0.48
Reseller,ORD00470,2024-06-21,2024-06-28,CUST0203,PROD0837,87,0.47
Online,ORD00471,2024-05-02,2024-05-03,CUST0953,PROD0493,64,0.12
Reseller,ORD00472,2024-11-29,2024-12-03,CUST0607,PROD0251,52,0.27
Reseller,ORD00473,2024-10-07,2024-10-14,CUST0315,PROD0206,80,0.28
Reseller,ORD00474,2025-03-11,2025-03-18,CUST0989,PROD0846,90,0.44
Reseller,ORD00475,2024-09-23,2024-09-30,CUST0028,PROD0011,44,0.04
Online,ORD00476,2023-05-30,2023-06-04,CUST0233,PROD0226,9,0.47
Online,ORD00477,2023-06-12,2023-06-15,CUST0889,PROD0751,19,0.45
Reseller,ORD00478,2024-08-24,2024-08-31,CUST0107,PROD0878,83,0.05
Reseller,ORD00479,2024-04-08,2024-04-15,CUST0215,PROD0839,42,0.44
Reseller,ORD00480,2024-04-08,2024-04-17,CUST0019,PROD0967,90,0.01
Retail Store,ORD00481,2023-06-21,2023-06-29,CUST0711,PROD0472,85,0.48
Reseller,ORD00482,2023-05-16,2023-05-24,CUST0652,PROD0554,63,0.26
Reseller,ORD00483,2024-08-21,2024-08-22,CUST0819,PROD0957,23,0.25
Direct Sales,ORD00484,2024-10-21,2024-10-23,CUST0765,PROD0285,24,0.28
Retail Store,ORD00485,2023-07-05,2023-07-09,CUST0511,PROD0575,50,0.46
Online,ORD00486,2023-08-31,2023-09-07,CUST0412,PROD0879,38,0.26
Direct Sales,ORD00487,2024-07-18,2024-07-21,CUST0704,PROD0592,67,0.15
Retail Store,ORD00488,2024-10-24,2024-10-29,CUST0364,PROD0145,87,0.06
Online,ORD00489,2023-11-12,2023-11-15,CUST0603,PROD0237,85,0.3
Online,ORD00490,2024-05-02,2024-05-06,CUST0481,PROD0918,75,0.15
Online,ORD00491,2023-06-12,2023-06-17,CUST0862,PROD0415,16,0.39
Retail Store,ORD00492,2024-02-05,2024-02-07,CUST0110,PROD0381,98,0.21
Online,ORD00493,2024-03-17,2024-03-25,CUST0604,PROD0197,42,0.49
Reseller,ORD00494,2024-05-24,2024-06-02,CUST0294,PROD0983,25,0.31
Reseller,ORD00495,2024-04-26,2024-05-03,CUST0422,PROD0675,1,0.49
Retail Store,ORD00496,2024-10-21,2024-10-29,CUST0815,PROD0814,97,0.49
Reseller,ORD00497,2024-12-07,2024-12-17,CUST0695,PROD0040,85,0.38
Retail Store,ORD00498,2023-06-15,2023-06-19,CUST0359,PROD0741,74,0.33
Direct Sales,ORD00499,2023-05-19,2023-05-22,CUST0760,PROD0175,6,0.36
Direct Sales,ORD00500,2024-12-02,2024-12-12,CUST0753,PROD0996,74,0.24
Direct Sales,ORD00501,2025-03-03,2025-03-07,CUST0443,PROD0345,9,0.26
Online,ORD00502,2025-01-24,2025-02-01,CUST0018,PROD0204,20,0.29
Online,ORD00503,2024-06-06,2024-06-07,CUST0139,PROD0318,92,0.29
Online,ORD00504,2023-08-16,2023-08-23,CUST0683,PROD0365,74,0.4
Online,ORD00505,2024-06-25,2024-07-05,CUST0721,PROD0542,76,0.08
Online,ORD00506,2024-05-26,2024-06-01,CUST0947,PROD0873,42,0.44
Reseller,ORD00507,2023-09-04,2023-09-10,CUST0075,PROD0518,77,0.01
Online,ORD00508,2023-06-28,2023-07-01,CUST0106,PROD0137,44,0.45
Reseller,ORD00509,2024-01-29,2024-02-07,CUST0844,PROD0090,30,0.43
Direct Sales,ORD00510,2023-06-01,2023-06-02,CUST0849,PROD0943,15,0.15
Direct Sales,ORD00511,2024-06-11,2024-06-20,CUST0059,PROD0351,79,0.3
Reseller,ORD00512,2024-05-26,2024-05-27,CUST0083,PROD0623,13,0.22
Direct Sales,ORD00513,2024-05-02,2024-05-04,CUST0767,PROD0997,35,0.29
Online,ORD00514,2023-11-09,2023-11-12,CUST0614,PROD0294,17,0.24
Online,ORD00515,2023-10-03,2023-10-04,CUST0619,PROD0317,89,0.34
Retail Store,ORD00516,2024-08-18,2024-08-28,CUST0740,PROD0602,96,0.4
Retail Store,ORD00517,2023-09-24,2023-09-26,CUST0143,PROD0214,31,0.14
Retail Store,ORD00518,2023-12-19,2023-12-24,CUST0195,PROD0723,50,0.08
Retail Store,ORD00519,2024-09-15,2024-09-25,CUST0242,PROD0091,14,0.48
Retail Store,ORD00520,2023-07-20,2023-07-23,CUST0633,PROD0233,69,0.32
Direct Sales,ORD00521,2023-10-28,2023-11-03,CUST0874,PROD0342,17,0.38
Online,ORD00522,2023-12-31,2024-01-05,CUST0975,PROD0201,11,0.18
Reseller,ORD00523,2024-05-26,2024-06-03,CUST0222,PROD0414,3,0.31
Online,ORD00524,2023-08-27,2023-09-05,CUST0304,PROD0654,94,0.46
Online,ORD00525,2023-05-24,2023-06-02,CUST0550,PROD0841,64,0.07
Direct Sales,ORD00526,2023-11-07,2023-11-12,CUST0170,PROD0303,23,0.11
Direct Sales,ORD00527,2023-07-08,2023-07-11,CUST0117,PROD0571,30,0.21
Direct Sales,ORD00528,2024-12-12,2024-12-14,CUST0728,PROD0538,68,0.45
Direct Sales,ORD00529,2024-04-28,2024-05-02,CUST0763,PROD0867,61,0.26
Reseller,ORD00530,2024-03-24,2024-03-30,CUST0079,PROD0867,22,0.05
Reseller,ORD00531,2023-08-09,2023-08-16,CUST0395,PROD0476,43,0.31
Retail Store,ORD00532,2025-02-14,2025-02-23,CUST0025,PROD0929,68,0.24
Retail Store,ORD00533,2024-03-30,2024-04-07,CUST0131,PROD0947,50,0.11
Retail Store,ORD00534,2023-10-01,2023-10-03,CUST0584,PROD0510,73,0.21
Online,ORD00535,2024-06-25,2024-06-29,CUST0492,PROD0234,1,0.29
Retail Store,ORD00536,2023-08-20,2023-08-30,CUST0093,PROD0525,83,0.12
Reseller,ORD00537,2024-05-25,2024-05-29,CUST0958,PROD0522,18,0.06
Reseller,ORD00538,2024-01-04,2024-01-08,CUST0415,PROD0036,100,0.42
Retail Store,ORD00539,2025-03-31,2025-04-10,CUST0640,PROD0414,96,0.33
Direct Sales,ORD00540,2023-08-30,2023-09-05,CUST0525,PROD0503,85,0.4
Retail Store,ORD00541,2025-02-22,2025-03-03,CUST0303,PROD0908,35,0.19
Direct Sales,ORD00542,2024-03-08,2024-03-10,CUST0580,PROD0235,28,0.24
Reseller,ORD00543,2025-01-22,2025-01-25,CUST0875,PROD0372,75,0.28
Online,ORD00544,2024-08-12,2024-08-19,CUST0900,PROD0837,18,0.5
Online,ORD00545,2025-04-01,2025-04-02,CUST0027,PROD0054,2,0.25
Direct Sales,ORD00546,2024-10-23,2024-10-30,CUST0361,PROD0829,8,0.4
Online,ORD00547,2024-10-10,2024-10-15,CUST0858,PROD0072,98,0.29
Retail Store,ORD00548,2023-07-22,2023-07-24,CUST0816,PROD0948,38,0.48
Retail Store,ORD00549,2023-09-27,2023-10-04,CUST0028,PROD0203,84,0.37
Reseller,ORD00550,2024-07-14,2024-07-21,CUST0911,PROD0731,53,0.33
Retail Store,ORD00551,2024-11-09,2024-11-15,CUST0070,PROD0973,45,0.41
Retail Store,ORD00552,2024-05-28,2024-05-29,CUST0355,PROD0535,93,0.08
Reseller,ORD00553,2023-06-21,2023-06-30,CUST0468,PROD0030,55,0.07
Retail Store,ORD00554,2024-09-11,2024-09-18,CUST0557,PROD0107,86,0.04
Direct Sales,ORD00555,2025-03-14,2025-03-17,CUST0183,PROD0383,95,0.4
Retail Store,ORD00556,2024-07-11,2024-07-14,CUST0380,PROD0474,12,0.18
Reseller,ORD00557,2024-09-05,2024-09-13,CUST0727,PROD0264,32,0.32
Reseller,ORD00558,2025-02-25,2025-02-27,CUST0728,PROD0953,74,0.22
Direct Sales,ORD00559,2023-10-10,2023-10-12,CUST0006,PROD0327,34,0.18
Online,ORD00560,2024-08-18,2024-08-20,CUST0905,PROD0265,30,0.22
Online,ORD00561,2024-04-08,2024-04-13,CUST0446,PROD0785,34,0.03
Online,ORD00562,2023-07-15,2023-07-22,CUST0357,PROD0066,93,0.37
Retail Store,ORD00563,2023-12-21,2023-12-25,CUST0358,PROD0672,60,0.02
Retail Store,ORD00564,2024-04-29,2024-05-09,CUST0012,PROD0561,66,0.12
Reseller,ORD00565,2023-06-27,2023-07-06,CUST0730,PROD0114,30,0.37
Direct Sales,ORD00566,2024-09-04,2024-09-12,CUST0044,PROD0433,26,0.39
Retail Store,ORD00567,2024-12-28,2025-01-06,CUST0010,PROD0202,71,0.0
Reseller,ORD00568,2023-12-27,2024-01-02,CUST0049,PROD0858,23,0.0
Online,ORD00569,2023-08-14,2023-08-23,CUST0453,PROD0403,80,0.41
Direct Sales,ORD00570,2023-11-16,2023-11-25,CUST0879,PROD0063,47,0.18
Reseller,ORD00571,2024-08-29,2024-09-01,CUST0120,PROD0518,86,0.29
Reseller,ORD00572,2023-04-27,2023-05-07,CUST0109,PROD0872,15,0.31
Online,ORD00573,2024-03-06,2024-03-14,CUST0537,PROD0475,48,0.06
Online,ORD00574,2025-02-13,2025-02-21,CUST0871,PROD0686,26,0.1
Online,ORD00575,2023-10-30,2023-11-07,CUST0080,PROD0094,67,0.36
Reseller,ORD00576,2024-12-11,2024-12-12,CUST0867,PROD0935,46,0.27
Online,ORD00577,2024-01-04,2024-01-13,CUST0684,PROD0938,3,0.18
Retail Store,ORD00578,2025-02-09,2025-02-13,CUST0971,PROD0509,73,0.2
Reseller,ORD00579,2024-09-28,2024-10-06,CUST0280,PROD0303,22,0.25
Direct Sales,ORD00580,2024-10-13,2024-10-17,CUST0749,PROD0107,84,0.13
Direct Sales,ORD00581,2025-01-06,2025-01-10,CUST0242,PROD0812,2,0.36
Retail Store,ORD00582,2023-06-30,2023-07-04,CUST0989,PROD0401,49,0.03
Online,ORD00583,2023-11-01,2023-11-02,CUST0568,PROD0565,74,0.34
Retail Store,ORD00584,2025-02-02,2025-02-06,CUST0759,PROD0452,13,0.18
Online,ORD00585,2024-07-10,2024-07-20,CUST0044,PROD0868,82,0.35
Reseller,ORD00586,2024-06-16,2024-06-21,CUST0099,PROD0517,22,0.43
Retail Store,ORD00587,2025-02-21,2025-03-03,CUST0940,PROD0424,18,0.07
Online,ORD00588,2025-02-11,2025-02-16,CUST0777,PROD0351,80,0.29
Online,ORD00589,2023-07-31,2023-08-07,CUST0862,PROD0465,99,0.36
Online,ORD00590,2024-08-22,2024-08-25,CUST0580,PROD0988,47,0.1
Direct Sales,ORD00591,2024-09-13,2024-09-19,CUST0642,PROD0656,14,0.21
Retail Store,ORD00592,2023-08-29,2023-09-08,CUST0403,PROD0445,75,0.24
Retail Store,ORD00593,2024-06-28,2024-07-02,CUST0876,PROD0472,75,0.45
Online,ORD00594,2024-04-16,2024-04-26,CUST0644,PROD0899,2,0.43
Online,ORD00595,2023-11-26,2023-12-01,CUST0220,PROD0848,29,0.45
Direct Sales,ORD00596,2024-11-29,2024-12-06,CUST0330,PROD0561,33,0.11
Online,ORD00597,2024-08-29,2024-09-05,CUST0469,PROD0120,1,0.33
Online,ORD00598,2024-09-03,2024-09-04,CUST0103,PROD0475,18,0.08
Retail Store,ORD00599,2024-04-16,2024-04-18,CUST0788,PROD0890,53,0.23
Reseller,ORD00600,2025-02-02,2025-02-06,CUST0984,PROD0171,39,0.3
Retail Store,ORD00601,2024-07-23,2024-07-29,CUST0904,PROD0336,18,0.48
Reseller,ORD00602,2024-08-03,2024-08-07,CUST0603,PROD0819,59,0.07
Reseller,ORD00603,2025-01-07,2025-01-16,CUST0761,PROD0982,18,0.34
Retail Store,ORD00604,2025-04-18,2025-04-20,CUST0826,PROD0811,47,0.26
Direct Sales,ORD00605,2023-05-30,2023-06-08,CUST0012,PROD0514,5,0.3
Reseller,ORD00606,2023-12-05,2023-12-10,CUST0030,PROD0143,44,0.44
Direct Sales,ORD00607,2024-05-10,2024-05-11,CUST0032,PROD0297,97,0.26
Online,ORD00608,2024-08-28,2024-09-05,CUST0314,PROD0052,26,0.09
Retail Store,ORD00609,2025-04-14,2025-04-16,CUST0304,PROD0401,38,0.12
Direct Sales,ORD00610,2024-07-28,2024-07-30,CUST0609,PROD0946,89,0.12
Online,ORD00611,2024-05-19,2024-05-23,CUST0786,PROD0132,91,0.04
Retail Store,ORD00612,2024-07-06,2024-07-16,CUST0308,PROD0559,27,0.15
Retail Store,ORD00613,2024-03-07,2024-03-12,CUST0522,PROD0876,60,0.41
Retail Store,ORD00614,2024-01-16,2024-01-22,CUST0575,PROD0034,86,0.06
Retail Store,ORD00615,2023-08-15,2023-08-19,CUST0645,PROD0670,27,0.23
Online,ORD00616,2024-02-21,2024-02-22,CUST0815,PROD0615,29,0.44
Online,ORD00617,2023-05-28,2023-05-31,CUST0559,PROD0714,10,0.03
Online,ORD00618,2023-06-21,2023-07-01,CUST0681,PROD0267,5,0.16
Direct Sales,ORD00619,2023-10-25,2023-11-02,CUST0437,PROD0977,41,0.36
Direct Sales,ORD00620,2024-06-02,2024-06-11,CUST0208,PROD0368,93,0.15
Retail Store,ORD00621,2024-08-31,2024-09-05,CUST0909,PROD0952,25,0.17
Reseller,ORD00622,2023-10-12,2023-10-17,CUST0368,PROD0813,59,0.08
Reseller,ORD00623,2023-11-13,2023-11-21,CUST0376,PROD0523,87,0.2
Retail Store,ORD00624,2025-03-11,2025-03-17,CUST0959,PROD0512,63,0.43
Direct Sales,ORD00625,2023-10-02,2023-10-04,CUST0163,PROD0027,33,0.32
Retail Store,ORD00626,2023-09-04,2023-09-13,CUST0957,PROD0237,66,0.36
Reseller,ORD00627,2024-09-21,2024-09-22,CUST0187,PROD0873,41,0.42
Reseller,ORD00628,2025-03-23,2025-04-01,CUST0878,PROD0215,1,0.35
Retail Store,ORD00629,2024-04-19,2024-04-24,CUST0952,PROD0528,17,0.37
Reseller,ORD00630,2023-05-10,2023-05-16,CUST0210,PROD0601,40,0.36
Direct Sales,ORD00631,2024-10-18,2024-10-19,CUST0750,PROD0203,29,0.03
Online,ORD00632,2024-08-23,2024-09-01,CUST0886,PROD0266,48,0.14
Retail Store,ORD00633,2025-01-25,2025-02-04,CUST0488,PROD0452,87,0.42
Reseller,ORD00634,2025-01-06,2025-01-12,CUST0955,PROD0043,65,0.36
Direct Sales,ORD00635,2025-01-15,2025-01-23,CUST0994,PROD0716,3,0.24
Direct Sales,ORD00636,2024-07-20,2024-07-25,CUST0851,PROD0181,15,0.34
Reseller,ORD00637,2025-02-20,2025-02-26,CUST0622,PROD0448,74,0.18
Direct Sales,ORD00638,2023-12-06,2023-12-11,CUST0430,PROD0255,53,0.15
Online,ORD00639,2024-08-17,2024-08-26,CUST0545,PROD0295,65,0.04
Reseller,ORD00640,2024-06-17,2024-06-21,CUST0514,PROD0436,15,0.45
Reseller,ORD00641,2024-08-15,2024-08-23,CUST0877,PROD0292,38,0.31
Direct Sales,ORD00642,2023-04-22,2023-04-27,CUST0331,PROD0989,29,0.17
Direct Sales,ORD00643,2024-06-25,2024-06-27,CUST0383,PROD0141,26,0.4
Reseller,ORD00644,2024-12-10,2024-12-19,CUST0892,PROD0697,42,0.38
Reseller,ORD00645,2025-02-02,2025-02-07,CUST0078,PROD0590,77,0.06
Reseller,ORD00646,2024-11-10,2024-11-14,CUST0619,PROD0817,32,0.44
Direct Sales,ORD00647,2023-10-15,2023-10-22,CUST0157,PROD0768,38,0.19
Reseller,ORD00648,2025-02-08,2025-02-15,CUST0713,PROD0803,97,0.14
Direct Sales,ORD00649,2024-08-25,2024-09-03,CUST0456,PROD0727,37,0.07
Online,ORD00650,2024-08-21,2024-08-28,CUST0700,PROD0500,22,0.01
Reseller,ORD00651,2024-01-14,2024-01-24,CUST0050,PROD0113,36,0.42
Direct Sales,ORD00652,2025-02-25,2025-03-06,CUST0570,PROD0049,13,0.15
Retail Store,ORD00653,2023-05-04,2023-05-07,CUST0531,PROD0647,39,0.23
Direct Sales,ORD00654,2024-05-15,2024-05-24,CUST0415,PROD0807,65,0.39
Online,ORD00655,2023-06-22,2023-06-29,CUST0461,PROD0150,31,0.4
Direct Sales,ORD00656,2024-02-14,2024-02-18,CUST0141,PROD0312,46,0.49
Online,ORD00657,2024-04-12,2024-04-21,CUST0835,PROD0115,64,0.33
Online,ORD00658,2024-01-25,2024-01-31,CUST0898,PROD0724,79,0.3
Direct Sales,ORD00659,2024-02-19,2024-02-26,CUST0429,PROD0385,73,0.44
Reseller,ORD00660,2023-12-23,2023-12-27,CUST0784,PROD0200,28,0.36
Direct Sales,ORD00661,2023-04-25,2023-04-27,CUST0337,PROD0806,17,0.34
Reseller,ORD00662,2024-06-22,2024-06-25,CUST0574,PROD0322,28,0.11
Reseller,ORD00663,2024-09-27,2024-10-01,CUST0342,PROD0684,34,0.22
Online,ORD00664,2024-07-25,2024-07-26,CUST0737,PROD0516,40,0.46
Retail Store,ORD00665,2024-06-11,2024-06-14,CUST0792,PROD0117,65,0.34
Reseller,ORD00666,2024-02-05,2024-02-09,CUST0726,PROD0315,61,0.29
Direct Sales,ORD00667,2024-11-06,2024-11-14,CUST0141,PROD0599,58,0.12
Online,ORD00668,2025-04-01,2025-04-02,CUST0444,PROD0139,87,0.37
Direct Sales,ORD00669,2025-01-04,2025-01-07,CUST0831,PROD0486,42,0.45
Direct Sales,ORD00670,2025-01-01,2025-01-05,CUST0948,PROD0876,73,0.1
Retail Store,ORD00671,2023-05-20,2023-05-22,CUST0528,PROD0366,70,0.43
Online,ORD00672,2024-07-03,2024-07-09,CUST0335,PROD0990,27,0.32
Direct Sales,ORD00673,2023-07-08,2023-07-16,CUST0175,PROD0237,51,0.43
Online,ORD00674,2023-09-14,2023-09-20,CUST0418,PROD0697,6,0.35
Retail Store,ORD00675,2024-06-10,2024-06-19,CUST0740,PROD0518,51,0.22
Direct Sales,ORD00676,2023-05-11,2023-05-18,CUST0570,PROD0059,92,0.04
Direct Sales,ORD00677,2023-06-09,2023-06-19,CUST0803,PROD0007,53,0.39
Retail Store,ORD00678,2024-01-17,2024-01-22,CUST0630,PROD0573,22,0.49
Online,ORD00679,2024-01-28,2024-01-30,CUST0624,PROD0136,50,0.23
Online,ORD00680,2024-01-26,2024-02-05,CUST0736,PROD0828,57,0.44
Online,ORD00681,2025-03-04,2025-03-13,CUST0486,PROD0419,5,0.07
Reseller,ORD00682,2023-12-21,2023-12-23,CUST0600,PROD0048,43,0.02
Reseller,ORD00683,2025-04-17,2025-04-27,CUST0586,PROD0298,60,0.01
Reseller,ORD00684,2024-06-23,2024-07-03,CUST0546,PROD0264,57,0.25
Direct Sales,ORD00685,2024-08-13,2024-08-23,CUST0931,PROD0751,8,0.06
Retail Store,ORD00686,2024-10-06,2024-10-14,CUST0764,PROD0606,48,0.31
Online,ORD00687,2023-09-06,2023-09-13,CUST0879,PROD0499,64,0.06
Direct Sales,ORD00688,2025-02-21,2025-02-26,CUST0834,PROD0006,18,0.17
Online,ORD00689,2025-03-20,2025-03-23,CUST0831,PROD0091,60,0.48
Direct Sales,ORD00690,2024-12-07,2024-12-15,CUST0080,PROD0677,49,0.27
Direct Sales,ORD00691,2023-09-08,2023-09-10,CUST0348,PROD0734,37,0.36
Retail Store,ORD00692,2024-08-20,2024-08-21,CUST0717,PROD0300,48,0.27
Reseller,ORD00693,2025-04-15,2025-04-18,CUST0318,PROD0156,4,0.07
Online,ORD00694,2024-07-25,2024-07-26,CUST0127,PROD0580,11,0.36
Reseller,ORD00695,2024-07-01,2024-07-05,CUST0671,PROD0904,59,0.06
Retail Store,ORD00696,2024-05-26,2024-05-30,CUST0409,PROD0323,42,0.03
Reseller,ORD00697,2024-11-23,2024-11-28,CUST0293,PROD0948,6,0.31
Retail Store,ORD00698,2024-06-07,2024-06-15,CUST0719,PROD0187,87,0.23
Direct Sales,ORD00699,2024-05-15,2024-05-18,CUST0254,PROD0725,59,0.3
Online,ORD00700,2025-02-26,2025-02-27,CUST0093,PROD0646,99,0.04
Online,ORD00701,2024-01-25,2024-01-26,CUST0008,PROD0182,40,0.42
Retail Store,ORD00702,2024-12-01,2024-12-06,CUST0136,PROD0678,54,0.38
Retail Store,ORD00703,2024-01-18,2024-01-27,CUST0962,PROD0387,72,0.29
Reseller,ORD00704,2024-11-18,2024-11-24,CUST0077,PROD0303,76,0.08
Online,ORD00705,2024-08-25,2024-08-26,CUST0595,PROD0812,59,0.38
Reseller,ORD00706,2024-05-10,2024-05-11,CUST0374,PROD0447,69,0.18
Reseller,ORD00707,2023-12-19,2023-12-21,CUST0450,PROD0677,91,0.26
Online,ORD00708,2024-07-03,2024-07-08,CUST0250,PROD0375,38,0.06
Retail Store,ORD00709,2023-08-22,2023-08-25,CUST0187,PROD0053,64,0.13
Retail Store,ORD00710,2025-04-19,2025-04-27,CUST0523,PROD0004,3,0.47
Direct Sales,ORD00711,2024-04-14,2024-04-19,CUST0123,PROD0584,88,0.48
Direct Sales,ORD00712,2023-06-06,2023-06-08,CUST0807,PROD0992,35,0.47
Online,ORD00713,2024-12-12,2024-12-20,CUST0710,PROD0218,42,0.28
Retail Store,ORD00714,2024-06-16,2024-06-20,CUST0702,PROD0545,18,0.17
Retail Store,ORD00715,2024-04-27,2024-05-02,CUST0747,PROD0601,19,0.4
Direct Sales,ORD00716,2024-03-08,2024-03-12,CUST0319,PROD0800,50,0.3
Direct Sales,ORD00717,2024-04-09,2024-04-12,CUST0589,PROD0490,67,0.31
Direct Sales,ORD00718,2024-09-18,2024-09-22,CUST0925,PROD0146,100,0.28
Direct Sales,ORD00719,2023-08-04,2023-08-07,CUST0396,PROD0815,97,0.25
Online,ORD00720,2025-04-01,2025-04-10,CUST0645,PROD0877,42,0.07
Online,ORD00721,2024-04-13,2024-04-21,CUST0766,PROD0277,26,0.18
Reseller,ORD00722,2025-01-06,2025-01-07,CUST0160,PROD0043,16,0.28
Online,ORD00723,2023-12-05,2023-12-06,CUST0234,PROD0747,95,0.0
Online,ORD00724,2024-06-15,2024-06-23,CUST0749,PROD0929,73,0.04
Online,ORD00725,2024-06-12,2024-06-14,CUST0058,PROD0755,53,0.1
Online,ORD00726,2023-08-22,2023-08-24,CUST0160,PROD0287,17,0.18
Retail Store,ORD00727,2024-08-13,2024-08-21,CUST0448,PROD0681,64,0.38
Direct Sales,ORD00728,2023-12-30,2024-01-08,CUST0827,PROD0877,27,0.14
Retail Store,ORD00729,2024-01-06,2024-01-08,CUST0614,PROD0185,2,0.08
Online,ORD00730,2024-02-28,2024-03-04,CUST0376,PROD0981,98,0.18
Retail Store,ORD00731,2024-11-15,2024-11-19,CUST0055,PROD0854,32,0.03
Online,ORD00732,2023-06-11,2023-06-18,CUST0011,PROD0645,85,0.3
Retail Store,ORD00733,2023-11-29,2023-12-03,CUST0915,PROD0360,10,0.21
Retail Store,ORD00734,2023-11-14,2023-11-24,CUST0100,PROD0282,17,0.05
Online,ORD00735,2023-09-30,2023-10-07,CUST0566,PROD0801,77,0.19
Direct Sales,ORD00736,2023-06-03,2023-06-08,CUST0931,PROD0584,26,0.14
Direct Sales,ORD00737,2023-05-05,2023-05-09,CUST0213,PROD0679,49,0.46
Retail Store,ORD00738,2024-08-26,2024-08-30,CUST0355,PROD0772,15,0.45
Reseller,ORD00739,2024-04-21,2024-04-29,CUST0495,PROD0028,66,0.27
Direct Sales,ORD00740,2024-06-02,2024-06-10,CUST0143,PROD0132,93,0.03
Direct Sales,ORD00741,2023-07-30,2023-07-31,CUST0814,PROD0373,35,0.18
Direct Sales,ORD00742,2024-04-08,2024-04-16,CUST0469,PROD0122,40,0.27
Retail Store,ORD00743,2024-11-17,2024-11-19,CUST0446,PROD0679,93,0.02
Online,ORD00744,2024-07-15,2024-07-18,CUST0788,PROD0104,97,0.28
Direct Sales,ORD00745,2025-01-02,2025-01-12,CUST0200,PROD0771,100,0.11
Online,ORD00746,2023-12-22,2023-12-23,CUST0930,PROD0254,70,0.39
Retail Store,ORD00747,2024-11-12,2024-11-18,CUST0654,PROD0326,31,0.43
Direct Sales,ORD00748,2023-04-26,2023-04-30,CUST0703,PROD0301,47,0.02
Online,ORD00749,2024-08-14,2024-08-24,CUST0651,PROD0388,47,0.12
Retail Store,ORD00750,2023-05-25,2023-05-27,CUST0285,PROD0036,55,0.04
Online,ORD00751,2024-10-01,2024-10-02,CUST0912,PROD0933,61,0.18
Direct Sales,ORD00752,2024-12-03,2024-12-13,CUST0507,PROD0822,45,0.28
Retail Store,ORD00753,2023-10-05,2023-10-06,CUST0536,PROD0108,48,0.48
Online,ORD00754,2024-11-11,2024-11-20,CUST0811,PROD0143,63,0.21
Direct Sales,ORD00755,2023-08-01,2023-08-06,CUST0466,PROD0094,65,0.34
Reseller,ORD00756,2024-05-24,2024-05-29,CUST0936,PROD0717,67,0.27
Online,ORD00757,2025-02-24,2025-03-01,CUST0894,PROD0365,100,0.21
Direct Sales,ORD00758,2023-10-02,2023-10-07,CUST0105,PROD0348,91,0.27
Reseller,ORD00759,2024-02-19,2024-02-26,CUST0943,PROD0083,55,0.28
Retail Store,ORD00760,2023-09-04,2023-09-09,CUST0899,PROD0404,6,0.06
Direct Sales,ORD00761,2024-06-21,2024-06-30,CUST0431,PROD0301,94,0.49
Reseller,ORD00762,2024-03-26,2024-04-05,CUST0750,PROD0255,2,0.03
Retail Store,ORD00763,2024-02-20,2024-02-26,CUST0535,PROD0142,8,0.0
Reseller,ORD00764,2024-07-24,2024-08-01,CUST0592,PROD0737,26,0.28
Online,ORD00765,2023-06-23,2023-06-25,CUST0448,PROD0629,31,0.2
Retail Store,ORD00766,2025-02-20,2025-02-26,CUST0481,PROD0926,2,0.44
Reseller,ORD00767,2024-12-20,2024-12-23,CUST0770,PROD0801,32,0.16
Direct Sales,ORD00768,2023-10-25,2023-10-31,CUST0643,PROD0688,61,0.13
Reseller,ORD00769,2023-06-12,2023-06-18,CUST0156,PROD0977,38,0.37
Retail Store,ORD00770,2025-03-05,2025-03-11,CUST0162,PROD0276,76,0.2
Retail Store,ORD00771,2023-11-16,2023-11-25,CUST0514,PROD0198,71,0.32
Online,ORD00772,2023-11-04,2023-11-09,CUST0806,PROD0051,51,0.36
Retail Store,ORD00773,2023-09-19,2023-09-29,CUST0640,PROD0045,90,0.36
Reseller,ORD00774,2024-09-13,2024-09-16,CUST0031,PROD0322,41,0.06
Online,ORD00775,2023-05-15,2023-05-22,CUST0201,PROD0779,64,0.01
Direct Sales,ORD00776,2023-11-09,2023-11-14,CUST0380,PROD0085,46,0.28
Direct Sales,ORD00777,2024-11-21,2024-11-29,CUST0932,PROD0952,88,0.44
Direct Sales,ORD00778,2024-08-02,2024-08-04,CUST0338,PROD0786,18,0.14
Online,ORD00779,2024-03-02,2024-03-10,CUST0190,PROD0040,22,0.41
Retail Store,ORD00780,2023-09-03,2023-09-08,CUST0786,PROD0302,99,0.44
Retail Store,ORD00781,2023-08-16,2023-08-22,CUST0865,PROD0142,7,0.23
Reseller,ORD00782,2024-04-05,2024-04-13,CUST0805,PROD0814,64,0.18
Retail Store,ORD00783,2023-10-25,2023-10-27,CUST0655,PROD0708,31,0.43
Retail Store,ORD00784,2023-05-08,2023-05-10,CUST0853,PROD0408,20,0.45
Retail Store,ORD00785,2024-04-06,2024-04-14,CUST0217,PROD0086,98,0.5
Direct Sales,ORD00786,2023-04-30,2023-05-10,CUST0427,PROD0779,29,0.41
Reseller,ORD00787,2024-05-09,2024-05-12,CUST0919,PROD0766,84,0.17
Reseller,ORD00788,2025-03-24,2025-04-03,CUST0479,PROD0247,9,0.28
Reseller,ORD00789,2023-11-24,2023-12-03,CUST0458,PROD0414,82,0.31
Retail Store,ORD00790,2024-03-31,2024-04-03,CUST0415,PROD0877,27,0.11
Direct Sales,ORD00791,2023-06-04,2023-06-11,CUST0333,PROD0273,43,0.33
Reseller,ORD00792,2023-10-02,2023-10-12,CUST0132,PROD0518,65,0.15
Retail Store,ORD00793,2025-02-10,2025-02-17,CUST0673,PROD0417,91,0.38
Reseller,ORD00794,2024-06-17,2024-06-26,CUST0940,PROD0229,10,0.14
Direct Sales,ORD00795,2025-01-16,2025-01-18,CUST0223,PROD0983,16,0.3
Direct Sales,ORD00796,2023-04-28,2023-05-06,CUST0635,PROD0329,34,0.36
Retail Store,ORD00797,2024-12-09,2024-12-16,CUST0760,PROD0067,16,0.11
Reseller,ORD00798,2023-08-09,2023-08-12,CUST0607,PROD0412,19,0.49
Online,ORD00799,2023-09-22,2023-09-30,CUST0683,PROD0275,97,0.32
Reseller,ORD00800,2024-09-10,2024-09-20,CUST0161,PROD0369,91,0.32
Retail Store,ORD00801,2025-03-10,2025-03-16,CUST0599,PROD0136,96,0.42
Online,ORD00802,2023-05-22,2023-05-24,CUST0509,PROD0452,32,0.11
Reseller,ORD00803,2024-05-17,2024-05-27,CUST0232,PROD0583,65,0.32
Online,ORD00804,2025-04-01,2025-04-09,CUST0360,PROD0837,71,0.24
Reseller,ORD00805,2023-06-06,2023-06-13,CUST0263,PROD0052,52,0.43
Retail Store,ORD00806,2024-08-08,2024-08-16,CUST0496,PROD0976,81,0.49
Online,ORD00807,2024-08-07,2024-08-11,CUST0135,PROD0531,2,0.38
Direct Sales,ORD00808,2025-04-16,2025-04-23,CUST0733,PROD0027,5,0.36
Reseller,ORD00809,2024-08-14,2024-08-23,CUST0021,PROD0250,65,0.38
Reseller,ORD00810,2024-07-24,2024-07-25,CUST0802,PROD0501,57,0.28
Retail Store,ORD00811,2024-08-02,2024-08-09,CUST0350,PROD0149,29,0.06
Direct Sales,ORD00812,2025-01-02,2025-01-12,CUST0758,PROD0189,57,0.38
Online,ORD00813,2025-01-19,2025-01-20,CUST0868,PROD0661,11,0.04
Online,ORD00814,2024-09-08,2024-09-12,CUST0374,PROD0256,23,0.3
Online,ORD00815,2024-07-04,2024-07-13,CUST0388,PROD0735,77,0.27
Reseller,ORD00816,2024-01-14,2024-01-20,CUST0232,PROD0651,73,0.17
Retail Store,ORD00817,2023-07-24,2023-08-01,CUST0259,PROD0955,65,0.32
Direct Sales,ORD00818,2024-05-17,2024-05-23,CUST0756,PROD0252,12,0.19
Reseller,ORD00819,2024-03-22,2024-03-30,CUST0681,PROD0524,89,0.41
Retail Store,ORD00820,2024-08-22,2024-08-27,CUST0918,PROD0774,11,0.27
Reseller,ORD00821,2024-11-15,2024-11-16,CUST0090,PROD0331,63,0.07
Online,ORD00822,2023-05-08,2023-05-15,CUST0332,PROD0104,81,0.1
Direct Sales,ORD00823,2024-07-26,2024-08-03,CUST0760,PROD0194,56,0.41
Reseller,ORD00824,2023-05-24,2023-05-25,CUST0446,PROD0153,94,0.21
Reseller,ORD00825,2024-05-26,2024-05-28,CUST0567,PROD0812,46,0.06
Retail Store,ORD00826,2023-08-01,2023-08-03,CUST0113,PROD0815,90,0.37
Reseller,ORD00827,2025-02-06,2025-02-07,CUST0766,PROD0457,17,0.36
Reseller,ORD00828,2025-03-18,2025-03-21,CUST0209,PROD0893,14,0.05
Retail Store,ORD00829,2023-08-01,2023-08-02,CUST0425,PROD0624,14,0.25
Online,ORD00830,2023-10-04,2023-10-12,CUST0750,PROD0392,98,0.2
Direct Sales,ORD00831,2024-01-02,2024-01-06,CUST0583,PROD0496,19,0.04
Reseller,ORD00832,2025-01-02,2025-01-07,CUST0796,PROD0010,6,0.46
Retail Store,ORD00833,2024-05-02,2024-05-10,CUST0609,PROD0518,95,0.33
Online,ORD00834,2024-10-26,2024-10-27,CUST0801,PROD0134,1,0.17
Reseller,ORD00835,2024-12-25,2024-12-28,CUST0187,PROD0575,62,0.29
Retail Store,ORD00836,2023-10-27,2023-10-31,CUST0250,PROD0201,66,0.49
Retail Store,ORD00837,2024-12-29,2025-01-05,CUST0900,PROD0159,83,0.22
Online,ORD00838,2024-05-21,2024-05-25,CUST0673,PROD0200,96,0.06
Online,ORD00839,2024-08-15,2024-08-19,CUST0135,PROD0103,8,0.25
Online,ORD00840,2023-11-03,2023-11-08,CUST0425,PROD0756,83,0.36
Online,ORD00841,2023-07-30,2023-08-01,CUST0856,PROD0417,59,0.16
Online,ORD00842,2024-03-13,2024-03-19,CUST0188,PROD0611,37,0.19
Retail Store,ORD00843,2023-10-30,2023-11-09,CUST0622,PROD0828,42,0.43
Retail Store,ORD00844,2023-10-30,2023-11-05,CUST0046,PROD0042,69,0.04
Reseller,ORD00845,2025-03-28,2025-04-03,CUST0137,PROD0103,65,0.19
Direct Sales,ORD00846,2024-11-29,2024-12-07,CUST0031,PROD0032,66,0.18
Online,ORD00847,2024-08-12,2024-08-16,CUST0321,PROD0462,50,0.48
Direct Sales,ORD00848,2024-07-28,2024-08-03,CUST0225,PROD0626,13,0.01
Reseller,ORD00849,2024-03-08,2024-03-09,CUST0934,PROD0017,73,0.04
Direct Sales,ORD00850,2024-04-11,2024-04-15,CUST0246,PROD0202,13,0.07
Retail Store,ORD00851,2025-02-20,2025-02-21,CUST0075,PROD0332,40,0.25
Reseller,ORD00852,2023-07-16,2023-07-20,CUST0478,PROD0294,22,0.27
Direct Sales,ORD00853,2025-02-20,2025-02-23,CUST0858,PROD0283,43,0.02
Reseller,ORD00854,2025-03-05,2025-03-11,CUST0107,PROD0094,68,0.16
Retail Store,ORD00855,2023-09-10,2023-09-16,CUST0468,PROD0912,38,0.22
Direct Sales,ORD00856,2024-06-20,2024-06-23,CUST0635,PROD0499,8,0.3
Direct Sales,ORD00857,2024-02-06,2024-02-12,CUST0342,PROD0626,82,0.05
Retail Store,ORD00858,2024-05-12,2024-05-20,CUST0507,PROD0994,41,0.25
Direct Sales,ORD00859,2025-03-08,2025-03-13,CUST0335,PROD0919,37,0.44
Online,ORD00860,2024-03-25,2024-03-29,CUST0729,PROD0724,26,0.08
Retail Store,ORD00861,2023-12-05,2023-12-15,CUST0113,PROD0110,41,0.29
Online,ORD00862,2024-12-26,2025-01-05,CUST0837,PROD0470,50,0.24
Reseller,ORD00863,2024-10-10,2024-10-15,CUST0195,PROD0746,43,0.24
Direct Sales,ORD00864,2024-11-23,2024-11-28,CUST0599,PROD0072,92,0.16
Retail Store,ORD00865,2023-12-30,2024-01-03,CUST0944,PROD0005,41,0.39
Retail Store,ORD00866,2024-02-01,2024-02-06,CUST0127,PROD0612,8,0.05
Online,ORD00867,2024-05-18,2024-05-26,CUST0013,PROD0727,80,0.19
Reseller,ORD00868,2024-05-18,2024-05-24,CUST0204,PROD0743,17,0.45
Direct Sales,ORD00869,2023-12-06,2023-12-11,CUST0890,PROD0390,2,0.13
Direct Sales,ORD00870,2024-09-12,2024-09-17,CUST0781,PROD0021,72,0.19
Retail Store,ORD00871,2025-01-21,2025-01-29,CUST0064,PROD0135,34,0.34
Online,ORD00872,2024-08-01,2024-08-11,CUST0641,PROD0191,28,0.11
Retail Store,ORD00873,2023-11-10,2023-11-18,CUST0661,PROD0918,14,0.49
Reseller,ORD00874,2025-01-17,2025-01-20,CUST0618,PROD0008,14,0.39
Reseller,ORD00875,2023-05-24,2023-05-28,CUST0947,PROD0692,27,0.21
Retail Store,ORD00876,2024-10-04,2024-10-14,CUST0056,PROD0372,18,0.47
Direct Sales,ORD00877,2024-07-28,2024-07-31,CUST0428,PROD0823,13,0.43
Retail Store,ORD00878,2023-06-22,2023-06-28,CUST0395,PROD0602,2,0.2
Direct Sales,ORD00879,2024-01-06,2024-01-09,CUST0828,PROD0579,82,0.48
Direct Sales,ORD00880,2025-04-13,2025-04-17,CUST0564,PROD0847,100,0.3
Retail Store,ORD00881,2024-01-16,2024-01-26,CUST0999,PROD0834,44,0.04
Direct Sales,ORD00882,2024-05-15,2024-05-18,CUST0497,PROD0700,81,0.29
Direct Sales,ORD00883,2023-12-21,2023-12-23,CUST0057,PROD0386,59,0.05
Reseller,ORD00884,2024-05-03,2024-05-12,CUST0465,PROD0889,75,0.39
Direct Sales,ORD00885,2023-07-02,2023-07-12,CUST0456,PROD0434,29,0.13
Online,ORD00886,2023-11-06,2023-11-13,CUST0970,PROD0139,67,0.27
Direct Sales,ORD00887,2023-05-28,2023-06-03,CUST0666,PROD0583,21,0.38
Reseller,ORD00888,2024-07-10,2024-07-19,CUST0162,PROD0357,60,0.01
Direct Sales,ORD00889,2024-01-27,2024-02-01,CUST0688,PROD0354,73,0.35
Direct Sales,ORD00890,2023-06-18,2023-06-26,CUST0863,PROD0973,19,0.48
Reseller,ORD00891,2023-07-08,2023-07-13,CUST0121,PROD0240,13,0.05
Reseller,ORD00892,2024-09-25,2024-10-03,CUST0474,PROD0777,88,0.09
Retail Store,ORD00893,2023-09-20,2023-09-25,CUST0323,PROD0981,86,0.24
Retail Store,ORD00894,2024-07-28,2024-08-01,CUST0630,PROD0935,21,0.4
Direct Sales,ORD00895,2023-08-12,2023-08-15,CUST0192,PROD0736,77,0.07
Reseller,ORD00896,2024-10-21,2024-10-23,CUST0129,PROD0830,55,0.2
Direct Sales,ORD00897,2024-06-19,2024-06-27,CUST0710,PROD0236,45,0.32
Direct Sales,ORD00898,2024-06-18,2024-06-25,CUST0629,PROD0736,52,0.3
Retail Store,ORD00899,2024-12-02,2024-12-09,CUST0263,PROD0631,40,0.43
Retail Store,ORD00900,2024-10-17,2024-10-26,CUST0555,PROD0872,2,0.12
Retail Store,ORD00901,2024-10-12,2024-10-17,CUST0180,PROD0606,100,0.35
Direct Sales,ORD00902,2024-08-18,2024-08-19,CUST0782,PROD0350,79,0.04
Retail Store,ORD00903,2024-04-02,2024-04-04,CUST0993,PROD0511,23,0.13
Retail Store,ORD00904,2024-07-28,2024-08-05,CUST0536,PROD0794,42,0.13
Reseller,ORD00905,2024-02-24,2024-03-01,CUST0702,PROD0882,67,0.24
Reseller,ORD00906,2025-03-13,2025-03-21,CUST0570,PROD0242,6,0.1
Online,ORD00907,2023-05-19,2023-05-23,CUST0320,PROD0383,41,0.3
Reseller,ORD00908,2024-08-09,2024-08-16,CUST0609,PROD0818,50,0.48
Reseller,ORD00909,2023-04-23,2023-04-29,CUST0046,PROD0355,47,0.32
Online,ORD00910,2024-12-24,2025-01-01,CUST0806,PROD0628,76,0.13
Direct Sales,ORD00911,2024-08-09,2024-08-17,CUST0748,PROD0938,30,0.11
Reseller,ORD00912,2025-03-29,2025-03-30,CUST0717,PROD0777,78,0.33
Retail Store,ORD00913,2024-08-18,2024-08-21,CUST0690,PROD0154,26,0.48
Direct Sales,ORD00914,2025-01-18,2025-01-22,CUST0668,PROD0647,28,0.13
Direct Sales,ORD00915,2024-06-13,2024-06-14,CUST0875,PROD0752,81,0.48
Reseller,ORD00916,2024-12-07,2024-12-17,CUST0183,PROD0242,55,0.27
Reseller,ORD00917,2024-01-07,2024-01-13,CUST0694,PROD0984,55,0.5
Retail Store,ORD00918,2025-03-11,2025-03-14,CUST0609,PROD0707,74,0.02
Reseller,ORD00919,2025-02-05,2025-02-09,CUST0114,PROD0371,71,0.01
Retail Store,ORD00920,2023-06-06,2023-06-11,CUST0551,PROD0416,31,0.07
Online,ORD00921,2023-05-01,2023-05-09,CUST0683,PROD0268,37,0.42
Online,ORD00922,2023-05-01,2023-05-10,CUST0173,PROD0506,80,0.18
Online,ORD00923,2024-06-03,2024-06-09,CUST0721,PROD0521,28,0.13
Direct Sales,ORD00924,2025-03-17,2025-03-24,CUST0843,PROD0929,94,0.19
Direct Sales,ORD00925,2023-12-30,2024-01-02,CUST0819,PROD0113,13,0.13
Retail Store,ORD00926,2024-04-06,2024-04-07,CUST0349,PROD0296,13,0.28
Direct Sales,ORD00927,2024-01-16,2024-01-18,CUST0697,PROD0973,13,0.03
Retail Store,ORD00928,2024-02-25,2024-02-28,CUST0077,PROD0983,88,0.1
Online,ORD00929,2024-04-13,2024-04-20,CUST0119,PROD0267,14,0.15
Retail Store,ORD00930,2024-06-05,2024-06-11,CUST0913,PROD0045,38,0.11
Retail Store,ORD00931,2024-06-07,2024-06-11,CUST0058,PROD0965,56,0.34
Reseller,ORD00932,2023-11-11,2023-11-19,CUST0037,PROD0508,12,0.05
Retail Store,ORD00933,2023-08-31,2023-09-10,CUST0807,PROD0317,19,0.21
Retail Store,ORD00934,2023-09-19,2023-09-25,CUST0055,PROD0380,15,0.49
Reseller,ORD00935,2023-05-04,2023-05-13,CUST0093,PROD0567,57,0.25
Direct Sales,ORD00936,2024-07-19,2024-07-28,CUST0266,PROD0392,63,0.34
Reseller,ORD00937,2023-04-22,2023-04-24,CUST0692,PROD0332,56,0.06
Retail Store,ORD00938,2024-02-08,2024-02-12,CUST0291,PROD0862,90,0.39
Reseller,ORD00939,2023-08-09,2023-08-10,CUST0908,PROD0227,9,0.39
Retail Store,ORD00940,2024-05-31,2024-06-06,CUST0475,PROD0560,42,0.2
Direct Sales,ORD00941,2024-02-27,2024-03-08,CUST0357,PROD0511,71,0.19
Retail Store,ORD00942,2024-08-14,2024-08-24,CUST0236,PROD0293,76,0.16
Online,ORD00943,2024-04-29,2024-05-07,CUST0964,PROD0176,77,0.19
Online,ORD00944,2023-07-27,2023-08-01,CUST0830,PROD0157,10,0.47
Retail Store,ORD00945,2024-08-28,2024-09-02,CUST0253,PROD0416,81,0.4
Reseller,ORD00946,2024-02-04,2024-02-07,CUST0750,PROD0151,80,0.36
Online,ORD00947,2023-11-13,2023-11-23,CUST0874,PROD0348,96,0.2
Reseller,ORD00948,2023-12-21,2023-12-23,CUST0181,PROD0625,28,0.2
Reseller,ORD00949,2025-01-24,2025-01-29,CUST0161,PROD0619,92,0.28
Online,ORD00950,2023-09-24,2023-10-02,CUST0753,PROD0661,57,0.32
Retail Store,ORD00951,2023-10-16,2023-10-24,CUST0606,PROD0585,43,0.26
Retail Store,ORD00952,2024-07-27,2024-08-05,CUST0966,PROD0263,90,0.21
Direct Sales,ORD00953,2023-08-08,2023-08-12,CUST0714,PROD0758,81,0.0
Reseller,ORD00954,2023-05-12,2023-05-14,CUST0227,PROD0247,28,0.4
Reseller,ORD00955,2025-03-22,2025-03-26,CUST0781,PROD0859,61,0.37
Direct Sales,ORD00956,2025-02-18,2025-02-25,CUST0625,PROD0823,32,0.39
Online,ORD00957,2025-03-05,2025-03-10,CUST0292,PROD0594,59,0.05
Reseller,ORD00958,2024-10-02,2024-10-05,CUST0879,PROD0013,61,0.25
Direct Sales,ORD00959,2025-01-24,2025-01-26,CUST0810,PROD0358,84,0.07
Online,ORD00960,2024-07-06,2024-07-08,CUST0064,PROD0902,72,0.09
Retail Store,ORD00961,2025-03-28,2025-03-30,CUST0473,PROD0611,40,0.05
Reseller,ORD00962,2024-05-24,2024-05-25,CUST0852,PROD0500,63,0.39
Retail Store,ORD00963,2024-06-11,2024-06-16,CUST0721,PROD0616,99,0.49
Retail Store,ORD00964,2024-07-19,2024-07-26,CUST0609,PROD0875,12,0.24
Retail Store,ORD00965,2023-08-11,2023-08-19,CUST0670,PROD0191,20,0.28
Retail Store,ORD00966,2025-01-28,2025-02-02,CUST0926,PROD0980,81,0.43
Retail Store,ORD00967,2023-06-06,2023-06-11,CUST0310,PROD0672,51,0.25
Reseller,ORD00968,2025-03-29,2025-04-02,CUST0877,PROD0983,27,0.17
Online,ORD00969,2023-11-07,2023-11-15,CUST0143,PROD0889,10,0.3
Online,ORD00970,2023-06-11,2023-06-21,CUST0248,PROD0222,9,0.49
Online,ORD00971,2024-10-28,2024-11-06,CUST0886,PROD0829,9,0.25
Retail Store,ORD00972,2024-03-18,2024-03-23,CUST0473,PROD0928,85,0.3
Reseller,ORD00973,2023-11-08,2023-11-15,CUST0121,PROD0507,45,0.23
Direct Sales,ORD00974,2024-07-23,2024-07-29,CUST0566,PROD0150,26,0.2
Online,ORD00975,2023-12-13,2023-12-23,CUST0333,PROD0066,57,0.35
Reseller,ORD00976,2023-11-11,2023-11-18,CUST0558,PROD0542,63,0.27
Direct Sales,ORD00977,2023-11-23,2023-11-28,CUST0404,PROD0599,98,0.21
Reseller,ORD00978,2024-07-25,2024-08-01,CUST0174,PROD0614,36,0.22
Reseller,ORD00979,2024-03-23,2024-03-29,CUST0055,PROD0793,6,0.05
Reseller,ORD00980,2024-12-23,2024-12-31,CUST0287,PROD0162,89,0.17
Online,ORD00981,2023-07-29,2023-07-31,CUST0177,PROD0657,94,0.01
Retail Store,ORD00982,2025-03-01,2025-03-02,CUST0189,PROD0162,88,0.03
Online,ORD00983,2023-07-18,2023-07-19,CUST0242,PROD0144,83,0.09
Reseller,ORD00984,2024-10-14,2024-10-18,CUST0979,PROD0152,46,0.39
Reseller,ORD00985,2023-06-14,2023-06-23,CUST0672,PROD0417,13,0.22
Direct Sales,ORD00986,2023-07-23,2023-07-31,CUST0135,PROD0070,79,0.32
Direct Sales,ORD00987,2025-03-15,2025-03-21,CUST0946,PROD0032,53,0.16
Retail Store,ORD00988,2024-07-16,2024-07-19,CUST0159,PROD0728,24,0.01
Reseller,ORD00989,2024-08-08,2024-08-16,CUST0157,PROD0422,61,0.39
Online,ORD00990,2023-06-22,2023-06-26,CUST0372,PROD0928,43,0.12
Reseller,ORD00991,2024-07-07,2024-07-12,CUST0254,PROD0632,46,0.28
Retail Store,ORD00992,2023-09-06,2023-09-16,CUST0524,PROD0771,92,0.15
Reseller,ORD00993,2023-12-18,2023-12-27,CUST0036,PROD0324,61,0.44
Reseller,ORD00994,2024-04-07,2024-04-12,CUST0155,PROD0255,79,0.12
Reseller,ORD00995,2024-03-11,2024-03-12,CUST0654,PROD0013,85,0.28
Online,ORD00996,2024-01-28,2024-02-05,CUST0585,PROD0570,83,0.29
Direct Sales,ORD00997,2025-03-10,2025-03-17,CUST0569,PROD0293,38,0.08
Online,ORD00998,2024-09-25,2024-09-29,CUST0659,PROD0190,25,0.42
Online,ORD00999,2023-09-01,2023-09-11,CUST0727,PROD0082,10,0.36
Reseller,ORD01000,2023-05-30,2023-06-06,CUST0857,PROD0912,43,0.31
